Tenure Months,Monthly Charges,Total Charges,Churn Score,CLTV,Gender_Male,Senior Citizen_Yes,Partner_Yes,Dependents_Yes,Phone Service_Yes,Multiple Lines_No phone service,Multiple Lines_Yes,Internet Service_Fiber optic,Internet Service_No,Online Security_No internet service,Online Security_Yes,Online Backup_No internet service,Online Backup_Yes,Device Protection_No internet service,Device Protection_Yes,Tech Support_No internet service,Tech Support_Yes,Streaming TV_No internet service,Streaming TV_Yes,Streaming Movies_No internet service,Streaming Movies_Yes,Contract_One year,Contract_Two year,Paperless Billing_Yes,Payment Method_Credit card (automatic),Payment Method_Electronic check,Payment Method_Mailed check,Churn Label_Yes,Churn_Probabilite,Churn_Prediction,Churn_Vrai,Risque
59,75.95,4542.35,46,5446,False,False,True,False,True,False,False,False,False,False,False,False,True,False,False,False,True,False,True,False,True,False,True,True,True,False,False,False,0.005,0,0,Faible
7,78.55,522.95,61,4025,False,False,False,False,True,False,True,True,False,False,False,False,True,False,False,False,False,False,False,False,False,False,False,True,False,False,False,False,0.01,0,0,Faible
54,20.1,1079.45,57,5755,False,False,False,False,True,False,False,False,True,True,False,True,False,True,False,True,False,True,False,True,False,False,True,False,False,False,True,False,0.0,0,0,Faible
2,20.65,38.7,83,3845,False,False,False,False,True,False,False,False,True,True,False,True,False,True,False,True,False,True,False,True,False,False,False,False,False,False,True,True,0.945,1,1,Élevé
71,105.15,7555.0,32,5707,False,False,True,False,True,False,True,True,False,False,False,False,True,False,True,False,False,False,True,False,True,False,True,True,False,False,False,False,0.0,0,0,Faible
60,105.9,6396.45,84,4105,False,False,False,False,True,False,True,True,False,False,False,False,True,False,True,False,False,False,True,False,True,False,False,True,False,True,False,True,1.0,1,1,Élevé
33,24.15,800.3,73,4501,False,False,True,True,True,False,True,False,True,True,False,True,False,True,False,True,False,True,False,True,False,True,False,False,True,False,False,False,0.0,0,0,Faible
7,20.65,155.9,38,2100,False,False,False,False,True,False,False,False,True,True,False,True,False,True,False,True,False,True,False,True,False,False,False,False,False,False,True,False,0.005,0,0,Faible
14,87.25,1258.6,78,4786,False,False,True,False,True,False,True,True,False,False,False,False,False,False,True,False,False,False,False,False,True,False,False,True,False,True,False,True,0.95,1,1,Élevé
72,61.2,4390.25,38,4085,True,False,False,False,False,True,False,False,False,False,True,False,False,False,True,False,True,False,True,False,True,False,True,True,True,False,False,False,0.0,0,0,Faible
4,70.2,280.35,53,4444,True,True,True,False,True,False,False,True,False,False,False,False,False,False,False,False,False,False,False,False,False,False,False,True,False,True,False,False,0.01,0,0,Faible
9,19.7,180.7,66,4194,True,False,False,False,True,False,False,False,True,True,False,True,False,True,False,True,False,True,False,True,False,False,False,False,True,False,False,False,0.01,0,0,Faible
14,78.1,1122.4,68,3157,False,False,True,False,True,False,False,True,False,False,False,False,False,False,False,False,False,False,False,False,True,False,False,True,False,True,False,False,0.05,0,0,Faible
37,40.2,1525.35,48,2308,True,False,True,True,False,True,False,False,False,False,True,False,False,False,True,False,True,False,False,False,False,True,False,True,False,True,False,False,0.01,0,0,Faible
30,51.2,1561.5,79,4568,False,False,True,True,False,True,False,False,False,False,False,False,False,False,False,False,True,False,True,False,True,False,False,False,True,False,False,True,0.78,1,1,Élevé
2,90.4,168.2,76,4157,False,False,False,False,True,False,False,True,False,False,False,False,False,False,False,False,False,False,True,False,True,False,False,True,False,True,False,True,1.0,1,1,Élevé
3,75.0,209.1,88,3190,True,False,False,False,True,False,True,True,False,False,False,False,False,False,False,False,False,False,False,False,False,False,False,False,False,False,True,True,0.995,1,1,Élevé
22,79.35,1730.35,68,4718,True,False,False,False,True,False,True,True,False,False,False,False,True,False,False,False,False,False,False,False,False,False,False,True,False,True,False,True,0.99,1,1,Élevé
9,68.25,576.95,40,4366,True,False,False,False,True,False,False,False,False,False,True,False,False,False,True,False,True,False,False,False,True,False,False,True,False,False,False,False,0.0,0,0,Faible
71,25.55,1898.1,27,6305,True,False,False,False,True,False,True,False,True,True,False,True,False,True,False,True,False,True,False,True,False,False,True,False,False,False,False,False,0.01,0,0,Faible
70,19.2,1401.4,53,5261,False,False,True,True,True,False,False,False,True,True,False,True,False,True,False,True,False,True,False,True,False,False,True,True,False,False,True,False,0.0,0,0,Faible
4,64.4,253.0,61,3334,False,False,False,False,True,False,True,False,False,False,False,False,False,False,False,False,True,False,True,False,False,False,False,True,False,False,True,False,0.045,0,0,Faible
1,49.3,49.3,45,4209,True,False,False,False,True,False,False,False,False,False,False,False,False,False,False,False,True,False,False,False,False,False,False,True,False,True,False,False,0.005,0,0,Faible
48,103.25,5037.55,71,4736,False,False,True,False,True,False,True,True,False,False,True,False,True,False,False,False,False,False,True,False,True,True,False,True,True,False,False,True,0.915,1,1,Élevé
4,19.95,59.25,64,3172,True,False,False,False,True,False,False,False,True,True,False,True,False,True,False,True,False,True,False,True,False,False,False,True,False,False,True,False,0.005,0,0,Faible
38,74.95,2869.85,82,5165,False,True,True,False,True,False,True,True,False,False,False,False,False,False,False,False,False,False,False,False,False,False,False,True,False,False,False,True,0.995,1,1,Élevé
7,23.5,173.0,33,5508,True,False,False,False,True,False,True,False,True,True,False,True,False,True,False,True,False,True,False,True,False,False,False,False,False,False,True,False,0.01,0,0,Faible
55,55.25,3119.9,42,5821,True,False,True,True,True,False,False,False,False,False,False,False,False,False,True,False,True,False,False,False,False,False,True,True,True,False,False,False,0.0,0,0,Faible
49,59.6,2970.3,79,4986,True,False,True,True,True,False,False,False,False,False,True,False,True,False,False,False,True,False,False,False,False,False,False,False,True,False,False,False,0.005,0,0,Faible
62,103.75,6383.35,91,5052,True,True,True,False,True,False,True,True,False,False,False,False,True,False,True,False,False,False,True,False,True,True,False,True,False,True,False,True,0.985,1,1,Élevé
48,58.95,2789.7,49,4815,False,True,True,False,True,False,False,False,False,False,False,False,True,False,False,False,False,False,False,False,True,True,False,True,False,False,False,False,0.0,0,0,Faible
1,69.1,69.1,82,5795,True,False,False,False,True,False,False,True,False,False,False,False,False,False,False,False,False,False,False,False,False,False,False,True,False,True,False,True,1.0,1,1,Élevé
1,19.75,19.75,33,4441,True,False,False,False,True,False,False,False,True,True,False,True,False,True,False,True,False,True,False,True,False,False,False,True,False,False,True,False,0.0,0,0,Faible
66,63.3,4189.7,60,4186,True,False,True,False,True,False,True,False,False,False,False,False,False,False,True,False,False,False,True,False,False,False,True,True,False,False,False,False,0.005,0,0,Faible
1,70.45,70.45,76,3964,False,True,True,True,True,False,False,True,False,False,False,False,False,False,False,False,False,False,False,False,False,False,False,True,False,False,True,True,0.945,1,1,Élevé
3,90.4,268.45,61,5625,True,False,False,False,True,False,False,True,False,False,False,False,True,False,True,False,False,False,False,False,True,False,False,False,False,True,False,False,0.01,0,0,Faible
29,55.25,1620.2,55,5481,False,False,False,False,True,False,True,False,False,False,False,False,True,False,False,False,False,False,False,False,False,True,False,True,False,True,False,False,0.005,0,0,Faible
61,62.15,3778.85,59,6427,True,False,True,False,False,True,False,False,False,False,True,False,False,False,True,False,True,False,True,False,True,False,True,True,False,False,True,False,0.0,0,0,Faible
1,20.6,20.6,90,3618,True,False,False,False,True,False,False,False,True,True,False,True,False,True,False,True,False,True,False,True,False,False,False,False,False,False,True,True,0.975,1,1,Élevé
11,45.2,492.0,39,5253,True,False,False,False,True,False,False,False,False,False,False,False,False,False,False,False,False,False,False,False,False,False,False,False,True,False,False,False,0.005,0,0,Faible
44,61.5,2722.2,21,2059,False,False,True,False,True,False,False,False,False,False,True,False,True,False,True,False,False,False,False,False,False,True,False,True,False,False,True,False,0.005,0,0,Faible
48,19.25,855.1,46,2282,True,False,True,False,True,False,False,False,True,True,False,True,False,True,False,True,False,True,False,True,False,False,True,False,False,False,True,False,0.0,0,0,Faible
67,111.2,7530.8,71,6060,True,False,True,True,True,False,True,True,False,False,False,False,True,False,True,False,True,False,True,False,True,False,True,True,False,False,False,False,0.015,0,0,Faible
71,97.65,6687.85,37,5319,True,False,False,False,True,False,True,True,False,False,True,False,False,False,False,False,True,False,False,False,True,True,False,False,True,False,False,False,0.01,0,0,Faible
53,19.85,1049.6,36,6338,False,False,False,False,True,False,False,False,True,True,False,True,False,True,False,True,False,True,False,True,False,False,True,False,True,False,False,False,0.025,0,0,Faible
49,109.2,5290.45,44,6005,True,False,False,True,True,False,True,True,False,False,True,False,True,False,True,False,False,False,True,False,True,True,False,True,True,False,False,False,0.025,0,0,Faible
64,70.15,4480.7,49,5037,True,False,True,False,True,False,True,False,False,False,False,False,True,False,False,False,True,False,False,False,True,True,False,True,False,False,True,False,0.0,0,0,Faible
59,80.1,4693.2,26,4093,False,False,True,False,True,False,True,False,False,False,False,False,True,False,False,False,True,False,True,False,True,True,False,True,False,True,False,False,0.005,0,0,Faible
70,86.45,5950.2,54,5950,False,False,True,False,True,False,False,False,False,False,True,False,True,False,True,False,True,False,True,False,True,False,True,False,True,False,False,False,0.0,0,0,Faible
48,65.65,3094.65,67,5427,False,False,True,False,True,False,False,False,False,False,False,False,True,False,True,False,False,False,False,False,True,True,False,True,False,True,False,False,0.03,0,0,Faible
2,50.3,92.75,33,5870,True,False,False,False,True,False,False,False,False,False,False,False,True,False,False,False,False,False,False,False,False,False,False,True,False,False,True,False,0.005,0,0,Faible
34,20.1,682.1,21,2272,False,False,True,True,True,False,False,False,True,True,False,True,False,True,False,True,False,True,False,True,False,True,False,True,False,False,False,False,0.01,0,0,Faible
52,106.5,5621.85,57,4499,False,True,True,False,True,False,True,True,False,False,False,False,True,False,True,False,False,False,True,False,True,True,False,True,False,True,False,False,0.01,0,0,Faible
8,80.65,633.3,69,5302,False,True,True,True,True,False,True,True,False,False,False,False,True,False,False,False,False,False,False,False,False,False,False,True,True,False,False,True,0.89,1,1,Élevé
23,91.1,2198.3,71,5991,False,False,True,True,True,False,True,False,False,False,True,False,True,False,True,False,True,False,True,False,True,False,True,True,True,False,False,False,0.005,0,0,Faible
23,34.6,813.45,73,4445,False,False,True,False,False,True,False,False,False,False,True,False,False,False,False,False,True,False,False,False,False,False,True,False,False,False,True,False,0.015,0,0,Faible
1,49.8,49.8,24,2978,True,False,False,False,True,False,False,False,False,False,True,False,False,False,False,False,False,False,False,False,False,False,False,True,True,False,False,False,0.02,0,0,Faible
9,75.85,647.5,51,4843,False,False,True,True,True,False,False,True,False,False,False,False,False,False,False,False,True,False,False,False,False,False,False,True,False,True,False,False,0.02,0,0,Faible
56,19.8,1119.9,59,4681,False,False,True,True,True,False,False,False,True,True,False,True,False,True,False,True,False,True,False,True,False,False,True,True,True,False,False,False,0.0,0,0,Faible
6,74.9,469.8,87,4160,True,False,False,False,True,False,True,True,False,False,False,False,False,False,False,False,False,False,False,False,False,False,False,True,False,True,False,True,1.0,1,1,Élevé
25,35.05,844.45,69,2754,False,False,False,True,False,True,False,False,False,False,True,False,False,False,False,False,True,False,False,False,False,False,True,False,False,False,False,False,0.02,0,0,Faible
25,54.3,1296.8,63,3971,True,False,True,True,True,False,False,False,False,False,True,False,False,False,False,False,True,False,False,False,False,False,False,False,False,True,False,False,0.0,0,0,Faible
21,73.7,1558.7,39,2071,True,False,False,False,True,False,True,True,False,False,False,False,False,False,False,False,False,False,False,False,False,False,False,True,False,True,False,False,0.015,0,0,Faible
72,105.5,7611.55,25,5534,True,False,True,False,True,False,False,True,False,False,True,False,True,False,False,False,True,False,True,False,True,False,True,False,False,False,False,False,0.005,0,0,Faible
43,24.25,1077.95,51,4432,True,False,True,True,True,False,True,False,True,True,False,True,False,True,False,True,False,True,False,True,False,False,True,False,False,False,True,False,0.0,0,0,Faible
11,51.0,581.7,49,5777,False,False,True,True,True,False,False,False,False,False,True,False,False,False,False,False,False,False,False,False,False,False,False,False,False,False,False,False,0.0,0,0,Faible
57,19.4,1061.6,53,4194,True,False,True,True,True,False,False,False,True,True,False,True,False,True,False,True,False,True,False,True,False,True,False,False,False,False,True,False,0.0,0,0,Faible
23,20.3,470.6,43,3630,False,False,False,False,True,False,False,False,True,True,False,True,False,True,False,True,False,True,False,True,False,False,False,True,False,False,False,False,0.0,0,0,Faible
72,24.3,1643.25,43,5160,True,False,True,True,True,False,True,False,True,True,False,True,False,True,False,True,False,True,False,True,False,False,True,False,False,False,False,False,0.0,0,0,Faible
44,50.15,2139.1,42,5790,False,False,False,False,True,False,True,False,False,False,False,False,False,False,False,False,False,False,False,False,False,False,False,True,False,False,True,False,0.0,0,0,Faible
72,25.55,1867.7,40,6425,True,False,True,True,True,False,True,False,True,True,False,True,False,True,False,True,False,True,False,True,False,False,True,False,True,False,False,False,0.0,0,0,Faible
1,74.25,74.25,93,4750,True,False,False,False,True,False,True,True,False,False,False,False,False,False,False,False,False,False,False,False,False,False,False,True,False,False,True,True,0.995,1,1,Élevé
56,45.05,2560.1,37,5795,False,False,False,False,False,True,False,False,False,False,True,False,True,False,True,False,True,False,False,False,False,False,True,False,False,False,False,False,0.0,0,0,Faible
34,79.6,2718.3,66,3980,False,True,True,False,True,False,True,True,False,False,False,False,True,False,False,False,False,False,False,False,False,False,False,True,False,False,True,True,0.89,1,1,Élevé
69,24.6,1678.05,66,5294,False,False,False,False,True,False,True,False,True,True,False,True,False,True,False,True,False,True,False,True,False,False,True,False,True,False,False,False,0.0,0,0,Faible
27,75.5,1893.95,65,2377,True,True,True,False,True,False,True,True,False,False,False,False,False,False,False,False,False,False,False,False,False,False,False,True,False,True,False,True,0.9,1,1,Élevé
10,98.9,1064.95,50,4614,True,False,False,False,True,False,False,True,False,False,True,False,False,False,True,False,False,False,True,False,True,True,False,True,False,True,False,False,0.025,0,0,Faible
39,41.15,1700.9,67,3445,False,False,False,False,False,True,False,False,False,False,True,False,True,False,False,False,True,False,False,False,False,True,False,False,False,False,False,False,0.015,0,0,Faible
72,89.85,6562.9,50,6046,True,False,True,False,True,False,True,False,False,False,True,False,True,False,True,False,True,False,True,False,True,False,True,False,True,False,False,False,0.0,0,0,Faible
48,44.8,2104.55,26,2469,False,False,False,False,False,True,False,False,False,False,True,False,True,False,False,False,False,False,True,False,False,False,False,True,False,True,False,False,0.02,0,0,Faible
24,20.75,487.05,43,4117,True,False,False,False,True,False,False,False,True,True,False,True,False,True,False,True,False,True,False,True,False,False,True,False,False,False,True,False,0.0,0,0,Faible
27,19.15,537.35,51,4004,True,False,False,True,True,False,False,False,True,True,False,True,False,True,False,True,False,True,False,True,False,False,False,False,False,False,True,False,0.0,0,0,Faible
34,67.65,2339.3,40,4263,False,False,False,False,True,False,False,False,False,False,True,False,False,False,True,False,True,False,True,False,False,False,True,False,True,False,False,False,0.005,0,0,Faible
26,91.25,2351.8,76,5154,False,True,False,False,True,False,False,True,False,False,False,False,False,False,False,False,False,False,True,False,True,False,False,True,False,True,False,True,0.985,1,1,Élevé
46,70.6,3231.05,52,5433,False,False,True,False,True,False,False,False,False,False,True,False,True,False,False,False,True,False,False,False,True,True,False,False,False,False,True,False,0.0,0,0,Faible
71,19.85,1326.35,54,6342,False,False,True,True,True,False,False,False,True,True,False,True,False,True,False,True,False,True,False,True,False,False,True,False,False,False,False,False,0.0,0,0,Faible
43,75.35,3161.4,33,4898,True,False,False,False,True,False,True,True,False,False,False,False,False,False,False,False,False,False,False,False,False,False,False,True,True,False,False,False,0.01,0,0,Faible
10,55.2,528.35,78,5925,False,False,True,False,True,False,False,False,False,False,False,False,False,False,True,False,True,False,False,False,False,False,False,False,True,False,False,True,0.845,1,1,Élevé
1,70.25,70.25,58,4063,False,False,False,False,True,False,False,True,False,False,False,False,False,False,False,False,False,False,False,False,False,False,False,True,False,True,False,False,0.025,0,0,Faible
28,96.6,2684.35,43,5530,True,False,True,False,True,False,True,True,False,False,False,False,True,False,True,False,False,False,True,False,False,False,False,False,True,False,False,False,0.005,0,0,Faible
24,60.45,1440.75,56,5095,True,False,False,False,True,False,False,False,False,False,True,False,True,False,False,False,True,False,False,False,False,False,False,False,False,False,False,False,0.0,0,0,Faible
11,84.8,906.85,67,5118,False,True,False,False,True,False,True,True,False,False,False,False,False,False,False,False,False,False,False,False,True,False,False,True,True,False,False,True,0.97,1,1,Élevé
20,19.7,419.4,56,2120,True,False,False,False,True,False,False,False,True,True,False,True,False,True,False,True,False,True,False,True,False,False,True,True,False,False,True,False,0.0,0,0,Faible
58,100.4,5749.8,64,4005,False,True,True,False,True,False,True,True,False,False,False,False,False,False,False,False,True,False,True,False,True,False,False,True,False,False,False,False,0.005,0,0,Faible
57,74.35,4317.35,71,5548,True,False,False,False,True,False,False,False,False,False,True,False,False,False,True,False,False,False,True,False,True,False,True,True,False,False,False,False,0.005,0,0,Faible
70,113.65,7714.65,46,6146,False,True,True,False,True,False,True,True,False,False,True,False,True,False,True,False,True,False,True,False,True,False,True,True,False,True,False,False,0.015,0,0,Faible
72,65.65,4664.5,47,4934,True,False,True,True,False,True,False,False,False,False,True,False,True,False,True,False,True,False,True,False,True,False,True,True,False,False,False,False,0.0,0,0,Faible
46,99.8,4391.25,46,2405,False,False,False,True,True,False,False,True,False,False,False,False,True,False,True,False,False,False,True,False,True,False,False,True,False,True,False,False,0.015,0,0,Faible
8,68.55,564.35,58,3123,False,False,True,True,True,False,False,False,False,False,False,False,False,False,False,False,True,False,True,False,True,False,False,True,False,True,False,False,0.005,0,0,Faible
72,84.5,6130.85,50,6202,True,False,True,True,True,False,True,True,False,False,False,False,False,False,False,False,False,False,False,False,True,False,True,True,True,False,False,False,0.005,0,0,Faible
4,57.2,223.75,26,2421,False,False,False,True,False,True,False,False,False,False,True,False,True,False,True,False,False,False,True,False,True,False,False,True,False,False,True,False,0.025,0,0,Faible
8,54.4,475.1,62,4854,True,False,True,True,True,False,False,False,False,False,False,False,False,False,False,False,False,False,True,False,False,False,False,True,False,True,False,False,0.005,0,0,Faible
43,104.3,4451.85,60,3927,True,False,True,True,True,False,True,True,False,False,False,False,False,False,True,False,True,False,True,False,True,True,False,True,True,False,False,False,0.0,0,0,Faible
20,49.6,939.8,68,3235,True,False,True,True,True,False,False,False,False,False,False,False,False,False,True,False,False,False,False,False,False,False,False,True,False,True,False,False,0.07,0,0,Faible
34,64.4,2088.75,75,5189,False,False,False,False,True,False,True,False,False,False,True,False,True,False,False,False,True,False,False,False,False,True,False,True,False,False,True,True,0.865,1,1,Élevé
2,54.35,117.05,71,4916,False,False,False,False,True,False,True,False,False,False,False,False,False,False,False,False,True,False,False,False,False,False,False,True,False,False,True,False,0.115,0,0,Faible
20,89.0,1820.45,78,4594,True,False,True,False,True,False,False,True,False,False,False,False,False,False,False,False,False,False,True,False,True,False,False,True,False,False,True,True,0.92,1,1,Élevé
1,71.1,71.1,64,3029,False,False,False,False,True,False,False,True,False,False,False,False,False,False,False,False,False,False,False,False,False,False,False,False,False,False,True,False,0.04,0,0,Faible
14,75.1,1013.35,66,3771,True,True,True,False,True,False,True,True,False,False,False,False,False,False,False,False,False,False,False,False,False,False,False,True,False,True,False,False,0.05,0,0,Faible
47,106.4,5127.95,99,4804,False,False,False,False,True,False,True,True,False,False,False,False,True,False,True,False,False,False,True,False,True,False,False,True,False,True,False,True,0.99,1,1,Élevé
1,20.25,20.25,69,5854,False,False,False,False,True,False,False,False,True,True,False,True,False,True,False,True,False,True,False,True,False,False,False,True,False,False,True,False,0.11,0,0,Faible
22,87.0,1850.65,49,5233,True,False,True,False,True,False,False,True,False,False,False,False,False,False,True,False,False,False,True,False,False,False,False,True,False,False,False,False,0.005,0,0,Faible
46,20.2,917.45,35,3136,True,False,True,True,True,False,False,False,True,True,False,True,False,True,False,True,False,True,False,True,False,False,True,True,False,False,True,False,0.0,0,0,Faible
72,97.75,6991.6,46,4054,True,False,True,True,True,False,True,True,False,False,True,False,True,False,False,False,True,False,False,False,True,False,True,True,True,False,False,False,0.005,0,0,Faible
23,40.1,857.75,24,2327,True,False,False,True,False,True,False,False,False,False,True,False,False,False,True,False,True,False,False,False,False,False,True,False,False,False,True,False,0.005,0,0,Faible
1,89.55,89.55,99,4996,True,False,False,False,True,False,False,True,False,False,False,False,False,False,False,False,False,False,True,False,True,False,False,True,False,True,False,True,1.0,1,1,Élevé
37,91.15,3369.25,37,3194,True,False,False,False,True,False,True,True,False,False,True,False,False,False,False,False,False,False,True,False,False,False,False,True,False,True,False,False,0.005,0,0,Faible
72,19.8,1468.75,9,5368,True,False,False,False,True,False,False,False,True,True,False,True,False,True,False,True,False,True,False,True,False,False,True,True,True,False,False,False,0.0,0,0,Faible
72,84.45,5899.85,25,5856,True,True,True,False,True,False,True,False,False,False,True,False,True,False,True,False,False,False,True,False,True,False,True,False,True,False,False,False,0.005,0,0,Faible
32,74.4,2276.95,90,2091,False,True,False,False,True,False,False,True,False,False,False,False,True,False,False,False,False,False,False,False,False,False,False,True,False,True,False,True,0.985,1,1,Élevé
35,26.2,954.9,80,4419,True,False,False,False,True,False,True,False,True,True,False,True,False,True,False,True,False,True,False,True,False,True,False,False,False,False,False,False,0.045,0,0,Faible
14,18.8,255.55,28,5751,False,False,True,True,True,False,False,False,True,True,False,True,False,True,False,True,False,True,False,True,False,False,True,False,False,False,True,False,0.0,0,0,Faible
56,103.2,5744.35,34,4534,False,False,True,False,True,False,True,True,False,False,False,False,False,False,True,False,True,False,True,False,True,False,True,False,False,False,False,False,0.0,0,0,Faible
49,100.45,4941.8,90,4235,False,False,True,False,True,False,True,True,False,False,False,False,True,False,False,False,False,False,True,False,True,True,False,False,False,False,True,True,0.975,1,1,Élevé
37,76.5,2868.15,67,2793,False,True,True,True,True,False,True,True,False,False,False,False,False,False,False,False,False,False,False,False,False,False,False,True,False,True,False,True,0.815,1,1,Élevé
1,25.0,25.0,53,2371,True,False,False,False,True,False,True,False,True,True,False,True,False,True,False,True,False,True,False,True,False,False,False,True,False,False,True,False,0.04,0,0,Faible
6,82.85,460.25,78,4458,True,False,True,False,True,False,True,True,False,False,False,False,False,False,False,False,False,False,True,False,False,False,False,True,False,True,False,True,0.99,1,1,Élevé
68,82.85,5776.45,42,5184,True,False,True,True,True,False,False,False,False,False,True,False,True,False,False,False,True,False,True,False,True,False,True,False,False,False,False,False,0.0,0,0,Faible
71,54.5,3778.2,57,4957,True,False,True,False,True,False,False,False,False,False,True,False,False,False,False,False,True,False,False,False,False,False,True,False,False,False,False,False,0.0,0,0,Faible
42,54.5,2301.15,57,3449,True,False,True,True,True,False,False,False,False,False,True,False,True,False,False,False,False,False,False,False,False,False,False,False,False,False,True,False,0.01,0,0,Faible
30,19.7,599.25,38,5045,False,False,True,True,True,False,False,False,True,True,False,True,False,True,False,True,False,True,False,True,False,False,True,False,False,False,True,False,0.0,0,0,Faible
1,24.8,24.8,94,4851,False,False,True,False,False,True,False,False,False,False,False,False,False,False,False,False,False,False,False,False,False,False,False,True,False,True,False,True,0.995,1,1,Élevé
71,85.45,6029.9,44,5394,True,False,True,True,True,False,False,False,False,False,True,False,True,False,True,False,True,False,True,False,True,False,True,False,False,False,False,False,0.0,0,0,Faible
1,50.75,50.75,93,5355,True,False,False,False,True,False,False,False,False,False,False,False,True,False,False,False,False,False,False,False,False,False,False,True,False,True,False,True,0.995,1,1,Élevé
72,84.2,5986.55,69,5598,False,False,True,True,True,False,True,False,False,False,True,False,False,False,True,False,True,False,True,False,True,False,True,True,False,False,False,False,0.0,0,0,Faible
16,19.05,326.65,60,4336,False,False,False,False,True,False,False,False,True,True,False,True,False,True,False,True,False,True,False,True,False,True,False,False,False,False,True,False,0.005,0,0,Faible
1,78.8,78.8,87,5075,False,False,True,False,True,False,False,True,False,False,False,False,False,False,False,False,False,False,True,False,False,False,False,False,False,True,False,True,0.995,1,1,Élevé
4,75.65,302.35,31,5396,False,False,False,False,True,False,True,True,False,False,False,False,False,False,False,False,False,False,False,False,False,False,False,True,False,True,False,False,0.005,0,0,Faible
46,89.15,4245.55,43,5593,True,False,False,False,True,False,True,True,False,False,True,False,False,False,False,False,False,False,True,False,False,False,False,True,True,False,False,False,0.01,0,0,Faible
11,20.45,237.3,29,2642,True,False,False,False,True,False,False,False,True,True,False,True,False,True,False,True,False,True,False,True,False,False,False,True,True,False,False,False,0.005,0,0,Faible
72,24.75,1777.6,35,5398,True,False,False,False,True,False,True,False,True,True,False,True,False,True,False,True,False,True,False,True,False,False,True,False,False,False,False,False,0.0,0,0,Faible
72,109.65,7880.25,25,6181,True,False,True,False,True,False,True,True,False,False,True,False,True,False,True,False,False,False,True,False,True,False,True,True,False,True,False,False,0.0,0,0,Faible
22,100.05,2090.25,64,3274,True,False,True,True,True,False,False,True,False,False,False,False,True,False,True,False,False,False,True,False,True,True,False,True,False,False,True,False,0.02,0,0,Faible
57,69.85,4003.0,72,4759,False,True,False,False,True,False,False,False,False,False,True,False,False,False,True,False,True,False,True,False,False,False,True,False,False,False,False,False,0.01,0,0,Faible
18,57.45,990.85,84,2989,True,False,True,False,True,False,False,False,False,False,False,False,False,False,True,False,False,False,False,False,True,False,False,False,False,True,False,True,0.965,1,1,Élevé
47,106.35,4849.1,74,3723,False,False,False,False,True,False,True,True,False,False,False,False,True,False,True,False,False,False,True,False,True,False,False,True,False,True,False,False,0.035,0,0,Faible
55,77.8,4323.35,59,6483,True,False,False,False,True,False,True,False,False,False,False,False,False,False,True,False,False,False,True,False,True,False,True,True,False,False,False,False,0.005,0,0,Faible
9,99.3,918.75,69,3540,True,False,False,False,True,False,True,True,False,False,False,False,True,False,False,False,False,False,True,False,True,False,False,True,True,False,False,False,0.15,0,0,Faible
58,24.45,1513.6,38,6490,True,False,False,False,True,False,True,False,True,True,False,True,False,True,False,True,False,True,False,True,False,False,True,True,True,False,False,False,0.05,0,0,Faible
17,70.35,1201.65,35,2704,True,False,True,True,True,False,True,False,False,False,True,False,False,False,True,False,False,False,True,False,False,True,False,True,False,False,False,False,0.0,0,0,Faible
68,60.3,4109.0,24,4864,False,False,True,False,False,True,False,False,False,False,False,False,True,False,True,False,True,False,True,False,True,False,True,False,True,False,False,False,0.0,0,0,Faible
4,50.05,179.35,82,3394,True,False,True,False,True,False,False,False,False,False,False,False,False,False,False,False,True,False,False,False,False,False,False,False,False,False,True,True,0.97,1,1,Élevé
42,108.3,4586.15,63,5106,True,False,True,False,True,False,True,True,False,False,False,False,False,False,True,False,True,False,True,False,True,True,False,True,False,True,False,False,0.015,0,0,Faible
60,65.85,3928.3,48,4053,True,False,True,False,True,False,False,False,False,False,True,False,True,False,True,False,True,False,False,False,False,True,False,True,False,False,False,False,0.0,0,0,Faible
13,98.15,1230.25,98,5525,True,False,False,False,True,False,True,True,False,False,True,False,False,False,False,False,False,False,True,False,True,False,False,False,False,False,True,True,0.98,1,1,Élevé
39,59.8,2343.85,58,3093,True,False,True,True,True,False,False,False,False,False,True,False,True,False,True,False,False,False,False,False,False,True,False,False,False,True,False,False,0.005,0,0,Faible
27,78.05,2135.5,95,4638,False,True,False,True,True,False,True,True,False,False,False,False,False,False,True,False,False,False,False,False,False,False,False,True,False,True,False,True,0.91,1,1,Élevé
72,91.15,6637.9,33,4311,False,False,True,False,True,False,True,False,False,False,True,False,True,False,True,False,True,False,True,False,True,False,True,True,False,False,False,False,0.0,0,0,Faible
20,20.05,400.0,24,4328,True,False,True,True,True,False,False,False,True,True,False,True,False,True,False,True,False,True,False,True,False,False,True,False,False,False,True,False,0.0,0,0,Faible
6,19.7,94.45,51,4122,False,False,True,True,True,False,False,False,True,True,False,True,False,True,False,True,False,True,False,True,False,True,False,False,False,False,True,False,0.0,0,0,Faible
15,49.0,749.25,25,2597,True,False,False,False,True,False,True,False,False,False,False,False,False,False,False,False,False,False,False,False,False,False,False,True,False,True,False,False,0.0,0,0,Faible
72,63.7,4464.8,46,4921,True,False,False,False,False,True,False,False,False,False,True,False,True,False,True,False,True,False,True,False,True,False,True,True,False,False,False,False,0.0,0,0,Faible
50,70.8,3478.15,34,4798,False,False,False,True,True,False,False,False,False,False,True,False,False,False,True,False,True,False,True,False,False,True,False,True,True,False,False,False,0.005,0,0,Faible
15,55.7,899.8,73,4519,False,False,False,False,True,False,True,False,False,False,True,False,False,False,False,False,False,False,False,False,False,False,False,True,False,False,True,True,0.895,1,1,Élevé
71,111.25,7984.15,54,4361,False,False,False,False,True,False,True,True,False,False,False,False,True,False,True,False,True,False,True,False,True,False,True,True,False,True,False,False,0.015,0,0,Faible
35,24.15,812.5,75,5097,False,False,False,False,False,True,False,False,False,False,False,False,False,False,False,False,False,False,False,False,False,False,False,False,False,True,False,False,0.07,0,0,Faible
29,66.1,1912.15,72,5590,False,False,False,False,True,False,True,False,False,False,True,False,False,False,False,False,False,False,False,False,True,False,False,True,False,True,False,False,0.025,0,0,Faible
46,19.95,862.4,75,3574,True,False,True,True,True,False,False,False,True,True,False,True,False,True,False,True,False,True,False,True,False,False,True,False,True,False,False,False,0.0,0,0,Faible
15,45.9,693.45,51,3572,False,False,False,False,False,True,False,False,False,False,True,False,True,False,True,False,True,False,False,False,False,True,False,False,False,False,True,False,0.0,0,0,Faible
34,55.0,1885.15,46,4027,False,False,False,False,True,False,False,False,False,False,True,False,True,False,False,False,False,False,False,False,False,True,False,False,False,False,True,False,0.005,0,0,Faible
57,95.3,5567.45,23,4912,False,True,True,True,True,False,False,True,False,False,False,False,True,False,True,False,True,False,True,False,False,False,False,True,True,False,False,False,0.0,0,0,Faible
63,68.8,4111.35,40,5082,True,False,False,False,True,False,True,False,False,False,True,False,True,False,True,False,True,False,False,False,False,True,False,False,False,False,False,False,0.0,0,0,Faible
11,72.9,818.45,71,3042,True,False,False,False,True,False,False,True,False,False,False,False,False,False,True,False,False,False,False,False,False,False,False,False,False,True,False,False,0.075,0,0,Faible
44,74.85,3268.05,71,3253,False,True,False,False,True,False,False,False,False,False,False,False,False,False,True,False,True,False,True,False,True,True,False,False,False,False,False,False,0.005,0,0,Faible
14,70.2,1046.5,25,5819,False,False,True,True,True,False,False,True,False,False,False,False,False,False,False,False,False,False,False,False,False,False,False,False,False,True,False,False,0.015,0,0,Faible
5,69.7,316.9,66,2454,True,False,False,True,True,False,False,True,False,False,False,False,False,False,False,False,False,False,False,False,False,False,False,True,False,True,False,True,0.96,1,1,Élevé
23,64.9,1509.8,50,3314,True,False,False,False,True,False,False,False,False,False,False,False,False,False,False,False,False,False,True,False,True,True,False,True,False,False,False,False,0.01,0,0,Faible
4,73.9,280.85,71,4479,True,False,False,False,True,False,False,True,False,False,False,False,False,False,True,False,False,False,False,False,False,False,False,True,False,True,False,True,0.995,1,1,Élevé
11,20.6,233.9,29,4047,False,False,True,False,True,False,False,False,True,True,False,True,False,True,False,True,False,True,False,True,False,True,False,False,False,False,True,False,0.005,0,0,Faible
69,59.75,4069.9,39,4665,True,False,True,True,True,False,False,False,False,False,True,False,True,False,True,False,False,False,False,False,False,False,True,True,False,False,False,False,0.0,0,0,Faible
45,19.2,903.7,24,3451,True,False,True,True,True,False,False,False,True,True,False,True,False,True,False,True,False,True,False,True,False,False,True,False,False,True,False,False,0.005,0,0,Faible
37,106.75,4056.75,92,5849,False,True,False,False,True,False,True,True,False,False,True,False,True,False,False,False,False,False,True,False,True,False,False,True,False,False,False,True,0.985,1,1,Élevé
25,89.05,2177.45,97,2673,True,True,True,False,True,False,True,True,False,False,True,False,False,False,False,False,False,False,False,False,True,True,False,True,False,True,False,True,0.96,1,1,Élevé
5,50.6,249.95,94,2353,False,False,False,False,True,False,True,False,False,False,False,False,False,False,False,False,False,False,False,False,False,False,False,True,False,False,True,True,0.985,1,1,Élevé
72,25.65,1887.0,22,5613,False,False,True,False,True,False,True,False,True,True,False,True,False,True,False,True,False,True,False,True,False,False,True,False,False,False,False,False,0.0,0,0,Faible
1,71.65,71.65,93,2377,True,False,False,False,True,False,False,True,False,False,False,False,False,False,False,False,False,False,False,False,False,False,False,True,False,True,False,True,0.995,1,1,Élevé
1,80.5,80.5,85,2734,True,False,False,False,True,False,False,True,False,False,False,False,False,False,False,False,False,False,False,False,True,False,False,False,False,True,False,True,1.0,1,1,Élevé
53,19.5,1050.5,57,5625,True,False,False,False,True,False,False,False,True,True,False,True,False,True,False,True,False,True,False,True,False,False,True,False,True,False,False,False,0.02,0,0,Faible
41,35.4,1412.4,43,4375,False,False,True,True,False,True,False,False,False,False,True,False,False,False,True,False,False,False,False,False,False,True,False,False,True,False,False,False,0.0,0,0,Faible
22,89.1,1949.4,43,4459,True,False,False,True,True,False,True,True,False,False,False,False,True,False,False,False,False,False,True,False,False,False,False,True,True,False,False,False,0.005,0,0,Faible
8,19.55,161.15,31,4909,True,False,True,False,True,False,False,False,True,True,False,True,False,True,False,True,False,True,False,True,False,False,False,True,False,False,False,False,0.0,0,0,Faible
69,85.35,5897.4,37,6499,False,False,False,False,True,False,True,False,False,False,True,False,False,False,True,False,True,False,True,False,True,False,True,True,True,False,False,False,0.01,0,0,Faible
35,21.1,741.0,79,5707,False,False,False,False,True,False,False,False,True,True,False,True,False,True,False,True,False,True,False,True,False,True,False,False,False,False,True,False,0.015,0,0,Faible
1,55.45,55.45,45,5286,False,False,False,False,True,False,False,False,False,False,False,False,False,False,False,False,False,False,False,False,True,False,False,True,False,True,False,False,0.015,0,0,Faible
10,85.6,813.85,70,5146,True,False,True,False,True,False,True,True,False,False,False,False,False,False,False,False,False,False,True,False,False,False,False,True,False,True,False,True,0.985,1,1,Élevé
11,64.9,716.1,80,2775,False,False,False,False,True,False,False,False,False,False,False,False,False,False,False,False,False,False,True,False,True,False,False,True,False,True,False,False,0.075,0,0,Faible
59,95.8,5655.45,45,5470,False,False,False,False,True,False,False,True,False,False,False,False,False,False,True,False,False,False,True,False,True,False,True,False,False,True,False,False,0.015,0,0,Faible
56,65.2,3512.15,26,4775,False,False,True,False,True,False,True,False,False,False,True,False,False,False,False,False,False,False,True,False,False,True,False,False,False,False,False,False,0.0,0,0,Faible
41,20.25,865.0,25,3972,False,False,False,False,True,False,False,False,True,True,False,True,False,True,False,True,False,True,False,True,False,True,False,True,True,False,False,False,0.005,0,0,Faible
4,76.65,333.6,97,4580,False,False,False,False,True,False,False,True,False,False,False,False,True,False,False,False,False,False,False,False,False,False,False,True,False,False,False,True,0.99,1,1,Élevé
35,25.4,949.8,38,5070,False,False,True,True,True,False,True,False,True,True,False,True,False,True,False,True,False,True,False,True,False,False,True,True,True,False,False,False,0.0,0,0,Faible
58,107.75,6332.75,57,5121,False,False,False,False,True,False,True,True,False,False,True,False,True,False,True,False,False,False,True,False,True,True,False,True,False,True,False,False,0.005,0,0,Faible
19,24.1,439.2,35,2378,True,False,False,True,True,False,True,False,True,True,False,True,False,True,False,True,False,True,False,True,False,False,False,True,True,False,False,False,0.015,0,0,Faible
56,95.65,5471.75,20,6335,False,True,True,False,True,False,True,True,False,False,True,False,True,False,True,False,True,False,False,False,False,True,False,False,False,True,False,False,0.005,0,0,Faible
32,81.1,2619.25,50,2143,True,True,False,False,True,False,True,True,False,False,False,False,False,False,True,False,False,False,False,False,False,False,False,True,True,False,False,False,0.01,0,0,Faible
3,73.85,196.4,74,2868,False,True,False,False,True,False,False,True,False,False,False,False,False,False,True,False,False,False,False,False,False,False,False,False,False,True,False,False,0.1,0,0,Faible
17,92.7,1556.85,41,2347,False,False,False,True,True,False,True,True,False,False,False,False,True,False,True,False,True,False,False,False,False,False,False,True,True,False,False,False,0.035,0,0,Faible
2,50.15,115.1,78,5461,False,True,True,False,True,False,False,False,False,False,False,False,True,False,False,False,False,False,False,False,False,False,False,False,True,False,False,True,0.95,1,1,Élevé
31,91.15,2995.45,83,5219,False,False,True,False,True,False,True,True,False,False,False,False,True,False,False,False,False,False,False,False,True,False,False,True,False,True,False,True,0.995,1,1,Élevé
46,91.3,4126.35,43,3191,False,True,False,False,True,False,False,True,False,False,False,False,True,False,True,False,False,False,True,False,False,True,False,True,False,False,False,False,0.005,0,0,Faible
20,85.8,1727.5,75,3336,False,True,False,False,True,False,True,True,False,False,False,False,False,False,False,False,False,False,False,False,True,False,False,True,True,False,False,True,0.955,1,1,Élevé
3,94.85,335.75,40,4496,True,True,False,False,True,False,True,True,False,False,False,False,False,False,False,False,False,False,True,False,True,False,False,True,False,True,False,False,0.015,0,0,Faible
17,45.05,770.6,65,3797,True,True,False,False,True,False,False,False,False,False,False,False,False,False,False,False,False,False,False,False,False,False,False,True,False,True,False,True,0.9,1,1,Élevé
13,104.15,1299.1,33,2810,False,False,False,True,True,False,True,True,False,False,False,False,True,False,True,False,False,False,True,False,True,True,False,True,True,False,False,False,0.04,0,0,Faible
2,35.1,68.75,78,2643,False,False,True,False,False,True,False,False,False,False,False,False,False,False,False,False,False,False,False,False,True,False,False,True,False,True,False,True,0.99,1,1,Élevé
11,59.65,683.25,71,2136,True,False,True,True,True,False,False,False,False,False,False,False,False,False,True,False,False,False,True,False,False,False,False,True,False,False,False,False,0.035,0,0,Faible
41,50.05,2029.05,64,2157,False,False,False,False,True,False,False,False,False,False,False,False,False,False,False,False,True,False,False,False,False,True,False,False,False,False,False,False,0.01,0,0,Faible
21,28.5,629.35,77,3766,False,False,True,False,False,True,False,False,False,False,True,False,False,False,False,False,False,False,False,False,False,False,False,False,False,True,False,False,0.045,0,0,Faible
41,113.2,4689.5,89,3380,False,True,False,False,True,False,True,True,False,False,True,False,True,False,True,False,False,False,True,False,True,False,False,True,False,True,False,True,0.985,1,1,Élevé
39,45.05,1790.6,61,4003,True,False,False,False,False,True,False,False,False,False,True,False,False,False,False,False,True,False,True,False,False,True,False,False,False,False,False,False,0.0,0,0,Faible
10,60.2,563.5,52,5318,True,False,True,True,True,False,False,False,False,False,False,False,False,False,True,False,False,False,True,False,False,False,False,False,False,False,True,False,0.0,0,0,Faible
2,74.4,139.4,77,4263,False,False,True,False,True,False,False,True,False,False,True,False,False,False,False,False,False,False,False,False,False,False,False,True,False,True,False,True,0.95,1,1,Élevé
1,76.4,76.4,89,2426,False,True,True,False,True,False,False,True,False,False,False,False,True,False,False,False,False,False,False,False,False,False,False,True,False,False,True,True,0.995,1,1,Élevé
62,110.75,7053.35,43,5166,True,True,False,False,True,False,True,True,False,False,False,False,True,False,True,False,True,False,True,False,True,True,False,True,False,False,False,False,0.01,0,0,Faible
52,50.95,2610.65,73,4298,False,False,True,True,True,False,False,False,False,False,False,False,False,False,True,False,False,False,False,False,False,True,False,True,False,False,False,False,0.025,0,0,Faible
3,60.65,196.9,22,2111,True,False,False,False,True,False,False,False,False,False,False,False,False,False,False,False,True,False,False,False,True,False,False,False,False,False,True,False,0.005,0,0,Faible
48,91.05,4370.75,60,3594,True,True,True,False,True,False,True,True,False,False,False,False,False,False,True,False,False,False,False,False,True,False,False,True,True,False,False,False,0.005,0,0,Faible
69,99.45,7007.6,80,4020,True,False,True,False,True,False,True,True,False,False,False,False,False,False,True,False,False,False,True,False,True,False,False,True,True,False,False,True,0.925,1,1,Élevé
55,90.45,5044.8,42,5140,False,True,True,False,True,False,True,True,False,False,False,False,True,False,True,False,True,False,False,False,False,False,False,False,False,True,False,False,0.005,0,0,Faible
1,19.75,19.75,68,2484,True,False,False,False,True,False,False,False,True,True,False,True,False,True,False,True,False,True,False,True,False,False,False,False,False,False,True,False,0.025,0,0,Faible
1,19.4,19.4,66,4152,True,False,False,False,True,False,False,False,True,True,False,True,False,True,False,True,False,True,False,True,False,False,False,False,False,False,True,True,0.925,1,1,Élevé
50,35.4,1748.9,36,5052,True,False,False,False,False,True,False,False,False,False,True,False,False,False,False,False,True,False,False,False,False,True,False,True,False,False,True,False,0.0,0,0,Faible
46,64.2,3009.5,41,4699,False,False,True,False,True,False,False,False,False,False,False,False,True,False,False,False,True,False,True,False,False,False,True,True,True,False,False,False,0.005,0,0,Faible
3,86.05,244.85,37,2500,True,False,False,False,True,False,False,True,False,False,True,False,False,False,False,False,False,False,False,False,True,False,False,True,False,False,True,False,0.025,0,0,Faible
30,90.5,2595.85,53,5983,True,True,False,False,True,False,True,True,False,False,True,False,False,False,False,False,False,False,False,False,True,False,False,True,True,False,False,False,0.01,0,0,Faible
70,80.6,5460.2,68,5880,False,False,True,False,True,False,True,False,False,False,True,False,False,False,False,False,True,False,True,False,True,False,True,True,False,False,False,False,0.005,0,0,Faible
72,89.75,6595.9,60,5096,False,False,True,True,True,False,True,False,False,False,True,False,True,False,True,False,True,False,True,False,True,False,True,False,True,False,False,False,0.0,0,0,Faible
68,92.2,6392.85,43,4451,True,False,True,False,True,False,True,False,False,False,True,False,True,False,True,False,True,False,True,False,True,False,True,True,True,False,False,False,0.0,0,0,Faible
54,46.0,2424.05,71,4451,True,False,True,True,False,True,False,False,False,False,False,False,False,False,True,False,True,False,False,False,True,False,True,False,True,False,False,False,0.02,0,0,Faible
47,20.45,943.0,72,4342,True,False,False,False,True,False,False,False,True,True,False,True,False,True,False,True,False,True,False,True,False,False,True,False,False,False,False,False,0.0,0,0,Faible
50,70.35,3533.6,50,5521,False,False,False,True,True,False,False,True,False,False,False,False,False,False,False,False,False,False,False,False,False,False,True,False,True,False,False,False,0.005,0,0,Faible
8,19.65,164.3,83,5432,False,True,False,False,True,False,False,False,True,True,False,True,False,True,False,True,False,True,False,True,False,False,False,False,False,True,False,True,0.91,1,1,Élevé
14,66.6,979.5,36,3516,True,False,True,False,True,False,True,False,False,False,False,False,False,False,False,False,True,False,True,False,False,False,False,True,True,False,False,False,0.005,0,0,Faible
32,84.15,2585.95,74,4017,False,False,True,False,True,False,False,True,False,False,False,False,True,False,False,False,False,False,False,False,True,False,False,False,False,False,False,True,0.945,1,1,Élevé
65,59.8,3808.2,37,6034,False,False,True,False,True,False,False,False,False,False,False,False,False,False,False,False,True,False,True,False,False,False,True,True,True,False,False,False,0.005,0,0,Faible
68,88.15,6148.45,46,5531,False,False,False,False,True,False,True,False,False,False,True,False,True,False,True,False,True,False,True,False,True,False,True,True,False,True,False,False,0.0,0,0,Faible
71,19.1,1372.45,72,4241,False,False,True,False,True,False,False,False,True,True,False,True,False,True,False,True,False,True,False,True,False,False,True,False,True,False,False,False,0.0,0,0,Faible
7,76.45,503.6,81,4419,False,True,False,True,True,False,False,True,False,False,True,False,False,False,False,False,False,False,False,False,False,False,False,False,False,False,False,True,0.96,1,1,Élevé
4,93.5,362.2,73,4554,False,False,False,False,True,False,True,True,False,False,False,False,True,False,False,False,True,False,False,False,True,False,False,True,False,True,False,True,0.98,1,1,Élevé
19,66.4,1286.05,22,4533,True,True,True,False,True,False,False,False,False,False,True,False,False,False,True,False,False,False,True,False,False,False,False,False,False,False,False,False,0.02,0,0,Faible
30,25.35,723.3,47,5915,True,False,False,True,True,False,True,False,True,True,False,True,False,True,False,True,False,True,False,True,False,True,False,False,False,False,False,False,0.0,0,0,Faible
31,66.4,2019.8,79,3282,True,False,True,False,True,False,False,False,False,False,False,False,False,False,True,False,True,False,False,False,True,False,False,True,True,False,False,False,0.01,0,0,Faible
24,79.65,1928.7,72,3816,False,False,True,False,True,False,True,True,False,False,False,False,False,False,True,False,False,False,False,False,False,False,False,True,False,False,True,False,0.06,0,0,Faible
71,77.55,5574.35,27,5097,False,False,True,True,True,False,False,False,False,False,True,False,False,False,True,False,False,False,True,False,True,False,True,False,True,False,False,False,0.0,0,0,Faible
17,25.15,412.6,33,3931,True,False,True,True,True,False,True,False,True,True,False,True,False,True,False,True,False,True,False,True,False,False,True,True,False,False,True,False,0.0,0,0,Faible
15,84.3,1308.4,86,4003,False,False,True,False,True,False,False,True,False,False,False,False,False,False,True,False,False,False,True,False,False,False,False,True,False,True,False,True,0.995,1,1,Élevé
68,62.65,4375.8,59,5215,True,False,True,True,True,False,False,False,False,False,True,False,True,False,True,False,True,False,False,False,False,False,True,False,True,False,False,False,0.0,0,0,Faible
28,90.1,2598.95,99,5958,False,False,True,False,True,False,False,True,False,False,False,False,False,False,False,False,False,False,True,False,True,True,False,True,False,False,False,True,0.975,1,1,Élevé
63,109.85,7002.95,66,5775,False,False,False,False,True,False,True,True,False,False,False,False,True,False,True,False,True,False,True,False,True,False,False,True,True,False,False,False,0.035,0,0,Faible
12,106.7,1253.9,92,2406,True,False,False,False,True,False,True,True,False,False,False,False,True,False,True,False,False,False,True,False,True,False,False,True,False,True,False,True,0.985,1,1,Élevé
67,24.65,1620.45,62,4444,True,False,True,True,True,False,True,False,True,True,False,True,False,True,False,True,False,True,False,True,False,False,True,False,False,False,False,False,0.0,0,0,Faible
1,35.55,35.55,71,3958,True,False,False,False,False,True,False,False,False,False,False,False,False,False,False,False,False,False,False,False,True,False,False,True,False,True,False,True,0.985,1,1,Élevé
1,59.2,59.2,65,5020,False,False,False,True,True,False,False,False,False,False,False,False,False,False,True,False,False,False,False,False,True,False,False,False,False,True,False,True,0.925,1,1,Élevé
64,115.0,7396.15,45,5189,False,False,True,False,True,False,True,True,False,False,True,False,True,False,True,False,True,False,True,False,True,True,False,True,False,True,False,False,0.0,0,0,Faible
44,19.5,835.5,35,4220,True,False,False,False,True,False,False,False,True,True,False,True,False,True,False,True,False,True,False,True,False,True,False,False,True,False,False,False,0.0,0,0,Faible
1,53.5,53.5,80,5094,True,False,False,False,True,False,False,False,False,False,False,False,False,False,False,False,False,False,True,False,False,False,False,True,False,False,True,True,0.96,1,1,Élevé
35,70.55,2419.0,45,5873,False,True,False,False,True,False,False,True,False,False,False,False,False,False,False,False,False,False,False,False,False,False,False,False,False,True,False,False,0.015,0,0,Faible
72,114.0,8093.15,29,4558,True,False,True,True,True,False,True,True,False,False,True,False,True,False,True,False,True,False,True,False,True,False,True,True,False,True,False,False,0.0,0,0,Faible
32,80.35,2596.15,92,5974,True,False,False,False,True,False,True,True,False,False,False,False,True,False,False,False,False,False,False,False,False,False,False,True,False,False,False,True,0.995,1,1,Élevé
19,89.95,1682.4,35,3402,True,False,False,False,True,False,False,True,False,False,False,False,False,False,True,False,True,False,True,False,False,False,False,False,False,False,True,False,0.015,0,0,Faible
7,75.15,525.0,50,4216,False,False,False,False,True,False,False,True,False,False,False,False,False,False,True,False,False,False,False,False,False,False,False,True,False,True,False,False,0.005,0,0,Faible
25,105.5,2686.05,75,5822,True,False,False,False,True,False,False,True,False,False,True,False,False,False,True,False,True,False,True,False,True,False,False,True,False,True,False,False,0.065,0,0,Faible
63,67.25,4234.15,36,6438,True,False,True,False,True,False,True,False,False,False,False,False,True,False,False,False,True,False,False,False,True,False,True,False,False,False,True,False,0.005,0,0,Faible
46,85.0,3969.4,71,2097,True,True,False,False,True,False,False,True,False,False,True,False,False,False,False,False,False,False,False,False,True,False,False,False,False,True,False,True,0.935,1,1,Élevé
15,19.65,270.6,34,4818,False,False,False,False,True,False,False,False,True,True,False,True,False,True,False,True,False,True,False,True,False,True,False,False,False,False,True,False,0.0,0,0,Faible
7,59.5,415.95,91,4661,False,False,False,False,True,False,False,False,False,False,False,False,False,False,False,False,True,False,True,False,False,False,False,True,False,False,True,True,0.99,1,1,Élevé
11,95.15,997.65,71,4074,False,True,False,False,True,False,True,True,False,False,False,False,False,False,False,False,False,False,True,False,True,False,False,True,False,False,False,True,0.99,1,1,Élevé
67,94.1,6302.8,58,4803,False,False,True,True,True,False,True,True,False,False,False,False,True,False,False,False,True,False,True,False,False,False,True,False,True,False,False,False,0.0,0,0,Faible
47,90.5,4318.35,30,3413,True,False,True,True,True,False,True,False,False,False,True,False,True,False,True,False,True,False,True,False,True,False,True,True,False,False,True,False,0.0,0,0,Faible
24,49.7,1218.25,38,2911,True,False,False,False,True,False,False,False,False,False,False,False,True,False,False,False,False,False,False,False,False,False,False,True,False,False,True,False,0.0,0,0,Faible
55,54.55,2978.3,69,6041,True,False,True,False,False,True,False,False,False,False,False,False,False,False,True,False,True,False,True,False,True,False,False,True,False,False,False,True,0.845,1,1,Élevé
22,89.25,1907.85,82,3161,False,False,False,False,True,False,False,True,False,False,False,False,False,False,False,False,False,False,True,False,True,False,False,False,False,True,False,True,0.985,1,1,Élevé
72,99.4,7285.7,51,6022,True,False,True,False,True,False,True,True,False,False,False,False,True,False,False,False,False,False,True,False,True,False,True,True,False,True,False,False,0.005,0,0,Faible
46,30.75,1489.3,42,5646,True,False,False,False,False,True,False,False,False,False,True,False,False,False,False,False,False,False,False,False,False,True,False,True,False,False,False,False,0.0,0,0,Faible
65,106.25,6979.8,69,5965,False,True,True,False,True,False,True,True,False,False,False,False,True,False,True,False,False,False,True,False,True,True,False,True,False,True,False,True,0.885,1,1,Élevé
17,24.8,475.25,66,5208,False,False,False,False,True,False,True,False,True,True,False,True,False,True,False,True,False,True,False,True,False,False,False,False,False,False,True,False,0.01,0,0,Faible
17,85.35,1463.45,70,3209,False,True,True,False,True,False,True,True,False,False,True,False,False,False,True,False,False,False,False,False,False,False,False,True,False,False,False,True,0.925,1,1,Élevé
11,20.4,231.45,51,5397,True,False,False,False,True,False,False,False,True,True,False,True,False,True,False,True,False,True,False,True,False,False,True,False,False,False,True,False,0.0,0,0,Faible
63,109.2,7049.75,33,4273,True,False,False,False,True,False,False,True,False,False,True,False,True,False,True,False,True,False,True,False,True,False,True,False,True,False,False,False,0.0,0,0,Faible
42,99.0,4298.45,46,2887,True,False,False,False,True,False,True,True,False,False,True,False,True,False,True,False,False,False,False,False,True,True,False,True,False,True,False,False,0.01,0,0,Faible
11,64.05,733.95,24,4171,False,False,False,False,True,False,False,False,False,False,True,False,False,False,True,False,False,False,False,False,True,False,False,False,False,False,False,False,0.0,0,0,Faible
60,97.2,5611.75,48,4905,False,False,True,False,True,False,False,True,False,False,True,False,False,False,False,False,True,False,True,False,True,False,True,True,False,True,False,False,0.005,0,0,Faible
4,19.65,67.55,72,4925,True,False,False,False,True,False,False,False,True,True,False,True,False,True,False,True,False,True,False,True,False,False,False,True,False,False,True,False,0.01,0,0,Faible
67,108.75,7156.2,90,5516,False,False,True,False,True,False,True,True,False,False,True,False,False,False,True,False,True,False,True,False,True,False,True,True,True,False,False,True,0.975,1,1,Élevé
32,108.15,3432.9,69,2541,True,False,False,False,True,False,True,True,False,False,True,False,True,False,False,False,True,False,True,False,True,False,False,True,True,False,False,True,0.905,1,1,Élevé
64,86.8,5327.25,70,4915,False,False,True,True,True,False,True,True,False,False,True,False,False,False,False,False,True,False,False,False,False,False,False,True,False,False,False,False,0.03,0,0,Faible
63,70.8,4448.8,44,5114,True,False,True,False,True,False,False,False,False,False,True,False,True,False,False,False,True,False,True,False,False,True,False,False,True,False,False,False,0.0,0,0,Faible
8,29.35,216.45,59,5369,True,False,False,False,False,True,False,False,False,False,True,False,False,False,False,False,False,False,False,False,False,False,False,False,False,False,True,False,0.005,0,0,Faible
71,82.55,5832.65,68,4668,True,False,True,False,True,False,False,False,False,False,True,False,False,False,True,False,True,False,True,False,True,False,True,True,False,True,False,False,0.005,0,0,Faible
9,20.35,191.1,70,5352,False,False,True,True,True,False,False,False,True,True,False,True,False,True,False,True,False,True,False,True,False,False,True,False,False,False,True,False,0.0,0,0,Faible
54,70.15,3715.65,95,4596,False,False,True,False,True,False,True,False,False,False,False,False,False,False,False,False,False,False,True,False,True,True,False,True,True,False,False,True,0.965,1,1,Élevé
61,114.1,7132.15,64,5239,True,False,True,False,True,False,True,True,False,False,False,False,True,False,True,False,True,False,True,False,True,False,False,True,False,True,False,False,0.005,0,0,Faible
59,20.35,1267.0,57,5757,False,False,True,False,True,False,False,False,True,True,False,True,False,True,False,True,False,True,False,True,False,True,False,False,False,False,True,False,0.005,0,0,Faible
53,105.55,5682.25,67,5731,False,False,False,False,True,False,True,True,False,False,False,False,True,False,True,False,False,False,True,False,True,False,True,False,False,True,False,False,0.035,0,0,Faible
1,69.55,69.55,76,3042,True,False,False,False,True,False,False,True,False,False,False,False,False,False,False,False,False,False,False,False,False,False,False,True,False,True,False,True,0.995,1,1,Élevé
5,44.05,202.15,74,5846,False,False,False,False,True,False,False,False,False,False,False,False,False,False,False,False,False,False,False,False,False,False,False,True,True,False,False,False,0.105,0,0,Faible
61,88.1,5526.75,40,5152,False,False,True,False,True,False,True,False,False,False,True,False,True,False,True,False,True,False,True,False,True,False,True,False,False,False,True,False,0.0,0,0,Faible
11,41.6,470.6,81,3119,True,False,False,False,False,True,False,False,False,False,False,False,False,False,True,False,False,False,True,False,False,True,False,True,False,True,False,True,0.975,1,1,Élevé
54,91.3,4965.0,27,5907,False,False,True,False,True,False,True,False,False,False,True,False,True,False,True,False,True,False,True,False,True,False,True,False,True,False,False,False,0.0,0,0,Faible
69,66.9,4577.9,68,5059,False,False,False,False,True,False,True,False,False,False,True,False,True,False,False,False,True,False,False,False,False,False,True,True,False,False,True,False,0.005,0,0,Faible
17,76.65,1313.55,87,3182,True,False,False,False,True,False,False,True,False,False,False,False,False,False,True,False,False,False,False,False,False,False,False,True,False,True,False,True,0.985,1,1,Élevé
1,48.75,48.75,58,5068,True,False,True,True,True,False,False,False,False,False,True,False,False,False,False,False,False,False,False,False,False,False,False,True,False,False,True,False,0.03,0,0,Faible
50,108.75,5431.9,54,5211,False,True,True,False,True,False,True,True,False,False,True,False,True,False,True,False,False,False,True,False,True,False,False,False,False,False,False,False,0.0,0,0,Faible
37,19.8,813.3,61,5336,False,False,False,False,True,False,False,False,True,True,False,True,False,True,False,True,False,True,False,True,False,False,True,False,False,False,True,False,0.005,0,0,Faible
61,19.75,1124.2,76,5411,True,False,False,True,True,False,False,False,True,True,False,True,False,True,False,True,False,True,False,True,False,False,True,False,False,False,True,False,0.0,0,0,Faible
41,66.5,2728.6,65,2517,False,False,True,False,True,False,False,False,False,False,False,False,True,False,False,False,True,False,False,False,True,True,False,True,False,False,False,True,0.84,1,1,Élevé
44,89.15,3990.75,27,4368,False,True,False,False,True,False,False,True,False,False,False,False,True,False,True,False,False,False,False,False,True,True,False,False,True,False,False,False,0.01,0,0,Faible
41,40.35,1677.85,79,2454,False,False,False,False,False,True,False,False,False,False,False,False,True,False,False,False,False,False,False,False,True,False,False,True,False,True,False,False,0.07,0,0,Faible
66,92.15,6056.9,77,4928,False,False,False,False,True,False,True,True,False,False,False,False,False,False,True,False,False,False,True,False,False,True,False,True,False,False,False,False,0.045,0,0,Faible
69,79.45,5502.55,28,5189,True,False,False,False,True,False,True,False,False,False,True,False,True,False,True,False,True,False,True,False,False,False,True,True,True,False,False,False,0.01,0,0,Faible
50,25.2,1306.3,61,4015,False,True,True,False,True,False,True,False,True,True,False,True,False,True,False,True,False,True,False,True,False,True,False,False,False,True,False,False,0.0,0,0,Faible
16,19.3,360.35,48,2870,False,False,False,False,True,False,False,False,True,True,False,True,False,True,False,True,False,True,False,True,False,True,False,True,False,False,False,False,0.0,0,0,Faible
50,103.95,5231.3,42,4363,True,False,True,False,True,False,True,True,False,False,True,False,False,False,True,False,False,False,True,False,True,True,False,True,False,True,False,False,0.005,0,0,Faible
10,67.8,653.15,79,2709,False,False,True,False,True,False,False,False,False,False,False,False,False,False,True,False,False,False,True,False,True,False,False,True,True,False,False,False,0.06,0,0,Faible
1,79.35,79.35,77,3492,False,False,True,False,True,False,False,True,False,False,False,False,False,False,False,False,False,False,True,False,False,False,False,True,False,False,False,True,0.995,1,1,Élevé
3,75.05,202.9,56,3545,False,True,False,False,True,False,False,True,False,False,False,False,False,False,True,False,False,False,False,False,False,False,False,False,False,False,True,False,0.02,0,0,Faible
64,105.4,6794.75,24,4512,False,False,True,False,True,False,True,True,False,False,False,False,True,False,False,False,True,False,True,False,True,False,True,True,False,False,False,False,0.0,0,0,Faible
72,85.1,6155.4,39,4147,False,False,True,False,True,False,False,False,False,False,True,False,True,False,True,False,True,False,True,False,True,False,True,False,False,False,True,False,0.0,0,0,Faible
60,116.05,6925.9,77,4734,False,True,True,False,True,False,True,True,False,False,True,False,True,False,True,False,True,False,True,False,True,False,True,True,False,False,False,False,0.01,0,0,Faible
8,90.25,743.75,76,4969,False,False,True,False,True,False,True,True,False,False,False,False,False,False,False,False,True,False,False,False,True,False,False,True,False,True,False,False,0.13,0,0,Faible
57,104.9,5913.95,75,5838,True,True,False,False,True,False,True,True,False,False,False,False,True,False,False,False,True,False,True,False,True,False,False,True,False,False,False,False,0.05,0,0,Faible
26,73.05,1959.5,46,2753,False,False,True,False,True,False,False,False,False,False,False,False,True,False,False,False,True,False,True,False,True,False,False,True,False,True,False,False,0.005,0,0,Faible
61,80.9,4932.5,64,4161,True,False,True,False,True,False,True,False,False,False,False,False,True,False,True,False,False,False,True,False,True,False,True,False,False,False,False,False,0.005,0,0,Faible
5,75.6,402.5,27,3469,False,False,False,False,True,False,True,True,False,False,False,False,False,False,False,False,False,False,False,False,False,False,False,False,False,True,False,False,0.005,0,0,Faible
1,71.0,71.0,72,5345,False,True,False,False,True,False,False,True,False,False,False,False,False,False,False,False,False,False,False,False,False,False,False,True,False,True,False,True,1.0,1,1,Élevé
7,34.5,279.25,93,3520,True,False,True,True,False,True,False,False,False,False,True,False,False,False,False,False,True,False,False,False,False,False,False,True,False,True,False,True,0.955,1,1,Élevé
46,20.05,902.0,38,2942,True,False,False,False,True,False,False,False,True,True,False,True,False,True,False,True,False,True,False,True,False,False,True,False,False,False,False,False,0.0,0,0,Faible
68,110.25,7279.35,36,5502,False,False,False,False,True,False,True,True,False,False,True,False,True,False,False,False,True,False,True,False,True,False,True,False,True,False,False,False,0.015,0,0,Faible
57,112.95,6465.0,89,4738,False,False,False,False,True,False,True,True,False,False,True,False,True,False,True,False,False,False,True,False,True,False,True,True,False,False,False,True,0.98,1,1,Élevé
53,90.8,4921.2,20,5249,False,False,False,False,True,False,True,True,False,False,True,False,True,False,True,False,False,False,False,False,False,False,False,False,False,True,False,False,0.01,0,0,Faible
46,94.15,4408.45,70,3924,False,False,False,False,True,False,True,True,False,False,False,False,True,False,True,False,False,False,False,False,True,True,False,True,False,True,False,False,0.02,0,0,Faible
8,85.2,695.75,53,2565,False,True,False,False,True,False,True,True,False,False,False,False,False,False,False,False,False,False,False,False,True,False,False,False,False,True,False,False,0.015,0,0,Faible
40,85.05,3355.65,50,5904,True,False,True,True,True,False,False,True,False,False,False,False,False,False,True,False,False,False,True,False,False,True,False,True,False,True,False,False,0.005,0,0,Faible
26,39.95,1023.75,74,2715,True,False,False,True,False,True,False,False,False,False,False,False,True,False,False,False,False,False,True,False,False,True,False,True,False,False,False,False,0.035,0,0,Faible
60,93.25,5774.55,70,4353,True,True,True,True,True,False,True,True,False,False,True,False,True,False,False,False,False,False,False,False,True,False,False,True,False,True,False,False,0.015,0,0,Faible
11,78.1,864.85,50,2333,False,True,True,True,True,False,True,True,False,False,False,False,False,False,True,False,False,False,False,False,False,False,False,True,True,False,False,False,0.015,0,0,Faible
16,96.4,1581.2,80,2688,False,True,False,False,True,False,True,True,False,False,False,False,False,False,False,False,False,False,True,False,True,False,False,True,False,True,False,True,0.975,1,1,Élevé
34,56.25,1765.95,32,5597,False,True,False,False,False,True,False,False,False,False,False,False,True,False,True,False,False,False,True,False,True,False,False,True,False,True,False,False,0.015,0,0,Faible
47,19.65,973.1,77,2021,True,False,True,False,True,False,False,False,True,True,False,True,False,True,False,True,False,True,False,True,False,False,True,False,False,False,True,False,0.0,0,0,Faible
1,69.9,69.9,84,2100,True,False,True,False,True,False,False,True,False,False,False,False,False,False,False,False,False,False,False,False,False,False,False,True,False,False,True,True,1.0,1,1,Élevé
63,103.5,6479.4,53,5187,False,True,True,False,True,False,True,True,False,False,False,False,True,False,True,False,False,False,True,False,True,False,False,True,False,True,False,False,0.0,0,0,Faible
72,107.4,7748.75,56,5294,False,True,False,False,True,False,True,True,False,False,True,False,True,False,True,False,True,False,False,False,True,False,True,True,False,False,False,False,0.005,0,0,Faible
40,20.6,827.3,27,3091,False,False,False,False,True,False,False,False,True,True,False,True,False,True,False,True,False,True,False,True,False,False,True,True,False,False,False,False,0.0,0,0,Faible
4,74.35,265.35,73,3622,True,False,False,False,True,False,True,True,False,False,False,False,False,False,False,False,False,False,False,False,False,False,False,True,False,True,False,True,1.0,1,1,Élevé
5,84.5,453.75,98,5141,True,False,True,False,True,False,True,True,False,False,True,False,False,False,True,False,False,False,False,False,False,False,False,True,False,True,False,True,0.97,1,1,Élevé
71,116.1,8310.55,42,5027,True,False,True,False,True,False,True,True,False,False,True,False,True,False,True,False,True,False,True,False,True,False,True,True,False,False,False,False,0.0,0,0,Faible
3,70.3,220.4,67,4275,True,False,False,False,True,False,False,True,False,False,False,False,False,False,False,False,False,False,False,False,False,False,False,True,False,False,True,False,0.095,0,0,Faible
3,75.85,256.6,79,4062,False,False,True,False,True,False,True,True,False,False,False,False,False,False,False,False,False,False,False,False,False,False,False,True,False,True,False,True,0.995,1,1,Élevé
27,20.3,595.05,71,3159,True,False,False,False,True,False,False,False,True,True,False,True,False,True,False,True,False,True,False,True,False,True,False,False,False,False,True,False,0.005,0,0,Faible
41,20.65,875.55,79,5062,False,False,True,False,True,False,False,False,True,True,False,True,False,True,False,True,False,True,False,True,False,False,True,False,True,False,False,False,0.01,0,0,Faible
6,73.85,401.3,76,4220,False,False,False,False,True,False,True,True,False,False,False,False,False,False,False,False,False,False,False,False,False,False,False,True,False,False,True,False,0.1,0,0,Faible
3,89.85,244.45,53,4096,True,False,False,False,True,False,False,True,False,False,False,False,False,False,True,False,True,False,True,False,False,False,False,True,False,False,True,False,0.04,0,0,Faible
60,94.1,5475.9,62,5267,False,False,True,False,True,False,True,True,False,False,True,False,True,False,False,False,False,False,False,False,True,False,False,True,True,False,False,False,0.0,0,0,Faible
57,89.85,4925.35,36,4429,True,True,True,False,True,False,True,True,False,False,False,False,True,False,False,False,False,False,False,False,True,False,False,True,False,True,False,False,0.005,0,0,Faible
26,98.35,2515.3,99,4997,True,False,False,False,True,False,True,True,False,False,False,False,False,False,True,False,False,False,True,False,True,False,False,True,False,True,False,True,0.995,1,1,Élevé
55,50.55,2832.75,44,6250,False,False,False,False,True,False,False,False,False,False,True,False,False,False,False,False,False,False,False,False,False,False,False,True,True,False,False,False,0.01,0,0,Faible
1,20.2,20.2,87,5394,True,False,False,False,True,False,False,False,True,True,False,True,False,True,False,True,False,True,False,True,False,False,False,True,False,False,False,True,0.975,1,1,Élevé
49,66.15,3199.0,33,6138,True,False,False,False,True,False,True,False,False,False,False,False,False,False,False,False,True,False,True,False,False,False,True,True,False,False,False,False,0.0,0,0,Faible
6,55.9,365.35,87,4914,False,False,True,True,True,False,False,False,False,False,True,False,True,False,False,False,False,False,False,False,False,False,False,False,True,False,False,True,0.955,1,1,Élevé
1,69.6,69.6,96,3438,False,True,False,False,True,False,False,True,False,False,False,False,False,False,False,False,False,False,False,False,False,False,False,True,False,True,False,True,1.0,1,1,Élevé
39,81.5,3107.3,25,2042,False,False,True,True,True,False,False,True,False,False,False,False,False,False,True,False,True,False,False,False,False,False,False,True,False,False,False,False,0.015,0,0,Faible
1,19.55,19.55,80,3968,False,False,False,False,True,False,False,False,True,True,False,True,False,True,False,True,False,True,False,True,False,False,False,False,False,False,True,False,0.05,0,0,Faible
70,57.8,4039.3,42,5640,False,False,True,False,False,True,False,False,False,False,False,False,True,False,True,False,True,False,True,False,True,False,True,False,False,False,False,False,0.0,0,0,Faible
1,49.95,49.95,71,2041,False,False,False,False,True,False,True,False,False,False,False,False,False,False,False,False,False,False,False,False,False,False,False,True,False,False,False,True,0.97,1,1,Élevé
13,48.75,633.4,86,2655,False,False,True,False,False,True,False,False,False,False,False,False,False,False,True,False,False,False,True,False,True,False,False,True,False,False,False,True,0.98,1,1,Élevé
65,90.45,5957.9,25,5509,False,False,True,True,True,False,True,False,False,False,True,False,True,False,True,False,True,False,True,False,True,False,True,True,False,False,True,False,0.0,0,0,Faible
21,104.35,2271.85,22,4934,True,True,False,False,True,False,True,True,False,False,False,False,True,False,True,False,False,False,True,False,True,False,False,True,False,True,False,False,0.0,0,0,Faible
50,39.7,1932.75,49,5174,False,False,False,False,False,True,False,False,False,False,False,False,True,False,True,False,True,False,False,False,False,False,True,False,True,False,False,False,0.0,0,0,Faible
12,60.65,743.3,24,3740,False,False,False,False,False,True,False,False,False,False,False,False,True,False,True,False,True,False,True,False,True,True,False,False,False,True,False,False,0.0,0,0,Faible
26,75.5,2018.1,43,5184,True,False,False,False,True,False,False,True,False,False,False,False,True,False,False,False,False,False,False,False,False,True,False,False,False,False,False,False,0.0,0,0,Faible
2,30.4,78.65,90,4002,False,True,False,False,False,True,False,False,False,False,False,False,False,False,True,False,False,False,False,False,False,False,False,True,False,True,False,True,0.985,1,1,Élevé
46,69.1,3255.35,30,3856,False,True,False,False,True,False,True,False,False,False,False,False,False,False,True,False,True,False,False,False,True,True,False,True,True,False,False,False,0.0,0,0,Faible
46,108.9,4854.3,45,5119,False,False,True,False,True,False,True,True,False,False,False,False,True,False,True,False,True,False,True,False,True,False,True,True,True,False,False,False,0.0,0,0,Faible
61,99.15,6010.05,77,5612,False,False,True,False,True,False,True,True,False,False,False,False,True,False,False,False,False,False,True,False,True,False,False,True,False,True,False,True,0.95,1,1,Élevé
18,88.85,1594.75,59,3127,False,False,True,False,True,False,True,True,False,False,False,False,False,False,False,False,True,False,True,False,False,False,False,True,False,True,False,False,0.015,0,0,Faible
19,69.6,1394.55,77,3349,True,False,False,False,True,False,True,False,False,False,False,False,False,False,False,False,False,False,True,False,True,False,False,False,False,False,True,False,0.05,0,0,Faible
13,74.4,896.75,89,3687,True,False,True,False,True,False,True,True,False,False,False,False,False,False,False,False,False,False,False,False,False,False,False,True,True,False,False,True,0.995,1,1,Élevé
13,24.5,343.6,59,5077,True,False,True,True,True,False,True,False,True,True,False,True,False,True,False,True,False,True,False,True,False,True,False,False,False,False,False,False,0.0,0,0,Faible
4,35.0,135.75,70,3523,False,False,False,False,False,True,False,False,False,False,True,False,False,False,True,False,False,False,False,False,False,False,False,False,False,False,True,False,0.055,0,0,Faible
72,107.45,7576.7,28,5246,False,False,True,True,True,False,True,True,False,False,True,False,False,False,True,False,True,False,True,False,True,False,True,False,False,False,True,False,0.0,0,0,Faible
1,24.2,24.2,80,4276,True,False,False,True,False,True,False,False,False,False,False,False,False,False,False,False,False,False,False,False,False,False,False,False,False,False,True,False,0.08,0,0,Faible
13,89.4,1132.35,75,2226,False,False,False,False,True,False,True,True,False,False,False,False,True,False,True,False,True,False,False,False,False,False,False,False,False,True,False,True,0.925,1,1,Élevé
3,19.6,59.75,81,5000,False,False,False,False,True,False,False,False,True,True,False,True,False,True,False,True,False,True,False,True,False,False,False,True,False,False,True,True,0.94,1,1,Élevé
3,85.7,256.75,33,5806,True,False,False,False,True,False,False,True,False,False,False,False,False,False,True,False,False,False,False,False,True,False,False,False,True,False,False,False,0.025,0,0,Faible
9,90.1,816.8,48,2893,False,True,False,False,True,False,True,True,False,False,False,False,False,False,True,False,False,False,True,False,False,False,False,True,False,True,False,False,0.01,0,0,Faible
20,90.2,1776.55,85,2058,True,False,True,False,True,False,False,True,False,False,False,False,False,False,False,False,False,False,True,False,True,False,False,True,False,True,False,True,0.99,1,1,Élevé
7,75.1,552.95,96,5514,False,False,False,False,True,False,True,True,False,False,False,False,False,False,False,False,False,False,False,False,False,False,False,True,False,False,False,True,0.975,1,1,Élevé
1,69.75,69.75,69,5057,True,True,False,False,True,False,False,True,False,False,False,False,False,False,False,False,False,False,False,False,False,False,False,True,False,True,False,True,1.0,1,1,Élevé
23,93.5,2341.55,73,4861,False,False,False,False,True,False,True,True,False,False,False,False,False,False,False,False,False,False,True,False,True,False,False,True,False,True,False,False,0.055,0,0,Faible
65,58.9,3857.1,50,5657,False,False,True,False,True,False,False,False,False,False,True,False,False,False,True,False,True,False,False,False,False,False,True,False,True,False,False,False,0.01,0,0,Faible
52,19.35,1031.7,66,5699,False,False,True,True,True,False,False,False,True,True,False,True,False,True,False,True,False,True,False,True,False,False,True,False,False,False,True,False,0.01,0,0,Faible
3,50.25,152.3,76,2166,True,False,False,False,True,False,False,False,False,False,False,False,False,False,False,False,True,False,False,False,False,False,False,True,False,False,True,False,0.065,0,0,Faible
6,90.75,512.25,54,4297,False,False,True,False,True,False,True,True,False,False,False,False,True,False,False,False,False,False,False,False,True,False,False,True,False,True,False,False,0.03,0,0,Faible
4,70.5,294.2,68,2896,True,False,True,False,True,False,False,True,False,False,False,False,False,False,False,False,False,False,False,False,False,False,False,False,False,True,False,False,0.1,0,0,Faible
44,84.8,3626.35,44,2770,True,False,True,False,True,False,True,True,False,False,True,False,False,False,True,False,False,False,False,False,False,False,False,True,True,False,False,False,0.0,0,0,Faible
47,86.05,3865.6,69,5527,True,True,False,False,True,False,True,True,False,False,False,False,False,False,False,False,False,False,True,False,False,False,False,True,True,False,False,False,0.065,0,0,Faible
6,50.95,307.6,79,3474,False,False,False,False,False,True,False,False,False,False,True,False,True,False,False,False,True,False,False,False,True,False,False,False,True,False,False,False,0.045,0,0,Faible
7,96.2,639.7,38,4329,True,False,False,False,True,False,True,True,False,False,False,False,False,False,False,False,False,False,True,False,True,False,False,False,False,True,False,False,0.02,0,0,Faible
53,73.9,3958.25,55,5644,True,False,False,False,True,False,True,False,False,False,False,False,True,False,True,False,True,False,False,False,True,False,True,True,False,False,False,False,0.0,0,0,Faible
3,44.75,148.05,20,3422,False,False,False,False,True,False,False,False,False,False,False,False,False,False,False,False,False,False,False,False,False,False,False,False,False,False,True,False,0.01,0,0,Faible
6,19.55,128.6,69,2309,True,False,False,True,True,False,False,False,True,True,False,True,False,True,False,True,False,True,False,True,False,False,False,False,False,False,True,False,0.025,0,0,Faible
10,89.5,863.1,84,4206,True,False,False,False,True,False,False,True,False,False,False,False,False,False,False,False,False,False,True,False,True,False,False,True,False,True,False,True,1.0,1,1,Élevé
25,89.15,2257.75,97,5853,False,False,True,False,True,False,False,True,False,False,False,False,True,False,True,False,False,False,True,False,False,False,False,True,False,False,False,True,1.0,1,1,Élevé
45,89.3,4192.15,32,5470,False,False,False,False,True,False,True,True,False,False,False,False,False,False,True,False,False,False,False,False,True,False,False,True,True,False,False,False,0.005,0,0,Faible
3,94.9,273.2,58,2330,False,False,True,False,True,False,True,True,False,False,False,False,False,False,False,False,False,False,True,False,True,False,False,False,False,True,False,False,0.025,0,0,Faible
2,79.85,152.45,91,3280,True,False,False,False,True,False,False,True,False,False,False,False,False,False,True,False,True,False,False,False,False,False,False,True,False,True,False,True,0.99,1,1,Élevé
7,19.9,173.15,46,2750,False,False,False,False,True,False,False,False,True,True,False,True,False,True,False,True,False,True,False,True,False,True,False,False,False,False,True,False,0.0,0,0,Faible
50,95.7,4729.75,44,4164,False,False,False,False,True,False,True,True,False,False,False,False,False,False,False,False,False,False,True,False,True,False,False,True,False,True,False,False,0.01,0,0,Faible
67,100.25,6689.0,64,5588,False,False,True,True,True,False,True,True,False,False,True,False,False,False,True,False,True,False,False,False,True,True,False,True,False,False,False,False,0.0,0,0,Faible
28,81.05,2227.1,98,5201,False,False,True,False,True,False,False,True,False,False,False,False,False,False,False,False,False,False,False,False,True,False,False,True,False,True,False,True,0.99,1,1,Élevé
46,59.9,2816.65,80,4011,True,True,True,False,False,True,False,False,False,False,False,False,True,False,True,False,True,False,True,False,True,True,False,True,False,False,False,True,0.825,1,1,Élevé
66,29.45,1983.15,55,5112,True,False,False,False,False,True,False,False,False,False,False,False,False,False,False,False,True,False,False,False,False,True,False,False,True,False,False,False,0.005,0,0,Faible
43,80.2,3581.6,35,5888,True,False,True,False,True,False,True,False,False,False,True,False,False,False,True,False,False,False,True,False,True,True,False,True,False,True,False,False,0.005,0,0,Faible
1,45.85,45.85,94,5930,True,False,False,False,True,False,False,False,False,False,False,False,False,False,False,False,False,False,False,False,False,False,False,True,False,False,True,True,0.965,1,1,Élevé
47,25.4,1139.2,33,3159,True,False,True,False,True,False,True,False,True,True,False,True,False,True,False,True,False,True,False,True,False,False,False,False,False,True,False,False,0.0,0,0,Faible
61,20.4,1226.45,77,5897,True,False,True,True,True,False,False,False,True,True,False,True,False,True,False,True,False,True,False,True,False,True,False,False,False,False,True,False,0.005,0,0,Faible
34,20.65,716.4,74,5099,False,False,True,True,True,False,False,False,True,True,False,True,False,True,False,True,False,True,False,True,False,False,False,False,False,False,True,False,0.0,0,0,Faible
1,19.3,19.3,99,4266,True,False,False,False,True,False,False,False,True,True,False,True,False,True,False,True,False,True,False,True,False,False,False,True,False,False,True,True,0.975,1,1,Élevé
70,60.35,4138.7,56,4122,True,False,True,True,False,True,False,False,False,False,False,False,True,False,True,False,True,False,True,False,True,True,False,False,False,True,False,False,0.0,0,0,Faible
66,19.7,1253.8,36,4601,True,False,False,False,True,False,False,False,True,True,False,True,False,True,False,True,False,True,False,True,False,False,True,False,False,False,False,False,0.0,0,0,Faible
18,96.05,1740.7,97,5581,False,False,False,False,True,False,False,True,False,False,True,False,False,False,False,False,False,False,True,False,True,False,False,True,False,True,False,True,1.0,1,1,Élevé
20,20.35,442.6,49,2522,False,False,True,True,True,False,False,False,True,True,False,True,False,True,False,True,False,True,False,True,False,False,False,False,False,False,True,False,0.0,0,0,Faible
34,30.4,938.65,33,4697,True,False,True,False,False,True,False,False,False,False,True,False,False,False,False,False,False,False,False,False,False,True,False,False,False,False,False,False,0.005,0,0,Faible
2,70.35,139.25,73,3430,False,False,False,False,True,False,False,True,False,False,False,False,False,False,False,False,False,False,False,False,False,False,False,False,False,True,False,False,0.065,0,0,Faible
2,69.95,143.9,46,5010,True,False,True,True,True,False,False,True,False,False,False,False,False,False,False,False,False,False,False,False,False,False,False,False,False,False,True,False,0.015,0,0,Faible
42,60.15,2421.6,55,5988,False,False,False,False,True,False,True,False,False,False,True,False,True,False,False,False,False,False,False,False,False,True,False,True,False,False,False,False,0.015,0,0,Faible
4,80.35,307.4,65,4167,True,False,True,False,True,False,False,True,False,False,False,False,False,False,False,False,False,False,True,False,False,False,False,True,False,True,False,True,0.97,1,1,Élevé
6,105.3,545.2,90,4163,False,False,True,False,True,False,True,True,False,False,False,False,True,False,True,False,False,False,True,False,True,False,False,True,False,True,False,True,0.985,1,1,Élevé
26,60.7,1597.4,68,2502,False,True,True,False,True,False,False,False,False,False,False,False,False,False,True,False,False,False,False,False,True,True,False,False,False,False,True,False,0.02,0,0,Faible
2,85.7,169.8,95,2187,False,False,False,False,True,False,True,True,False,False,False,False,False,False,False,False,False,False,False,False,True,False,False,True,False,True,False,True,1.0,1,1,Élevé
47,98.75,4533.7,80,4622,False,False,True,False,True,False,True,True,False,False,True,False,True,False,True,False,False,False,True,False,False,False,False,True,False,True,False,True,0.96,1,1,Élevé
34,26.1,980.35,46,2026,True,False,False,False,True,False,True,False,True,True,False,True,False,True,False,True,False,True,False,True,False,False,True,False,False,False,False,False,0.0,0,0,Faible
57,95.25,5427.05,86,6259,True,True,True,False,True,False,True,True,False,False,False,False,True,False,True,False,False,False,False,False,True,False,False,True,False,False,False,True,0.985,1,1,Élevé
48,24.55,1203.95,41,5517,False,False,False,False,True,False,True,False,True,True,False,True,False,True,False,True,False,True,False,True,False,True,False,False,False,False,False,False,0.005,0,0,Faible
6,26.35,184.05,22,2189,True,False,False,True,True,False,True,False,True,True,False,True,False,True,False,True,False,True,False,True,False,False,False,False,False,False,True,False,0.02,0,0,Faible
7,48.2,340.35,34,5525,False,True,False,False,True,False,False,False,False,False,True,False,False,False,False,False,False,False,False,False,False,False,False,True,False,True,False,False,0.02,0,0,Faible
1,70.35,70.35,32,2722,True,False,False,False,True,False,False,True,False,False,False,False,False,False,False,False,False,False,False,False,False,False,False,True,False,True,False,False,0.02,0,0,Faible
69,64.15,4254.1,62,5128,False,False,True,False,True,False,True,False,False,False,True,False,False,False,True,False,True,False,False,False,False,False,True,True,True,False,False,False,0.0,0,0,Faible
39,20.7,762.45,45,3733,False,False,False,False,True,False,False,False,True,True,False,True,False,True,False,True,False,True,False,True,False,False,True,False,True,False,False,False,0.0,0,0,Faible
31,93.8,3019.5,79,4115,True,False,True,False,True,False,True,True,False,False,False,False,True,False,True,False,False,False,True,False,False,False,False,False,False,True,False,True,0.945,1,1,Élevé
62,102.0,6529.25,87,5090,True,False,False,False,True,False,True,True,False,False,True,False,True,False,False,False,True,False,False,False,True,True,False,False,False,True,False,True,0.975,1,1,Élevé
69,90.65,6322.1,55,6487,True,False,False,False,True,False,True,False,False,False,True,False,True,False,True,False,True,False,True,False,True,False,True,False,False,False,True,False,0.01,0,0,Faible
4,105.65,443.9,66,4663,False,False,False,False,True,False,False,True,False,False,False,False,True,False,True,False,True,False,True,False,True,True,False,True,False,True,False,True,0.86,1,1,Élevé
32,20.05,614.45,20,3398,True,False,False,False,True,False,False,False,True,True,False,True,False,True,False,True,False,True,False,True,False,False,True,True,False,False,False,False,0.0,0,0,Faible
4,89.6,365.65,87,4689,False,False,False,False,True,False,True,True,False,False,False,False,True,False,False,False,False,False,True,False,False,False,False,False,False,False,True,True,0.985,1,1,Élevé
55,44.85,2479.05,49,5829,True,True,False,False,False,True,False,False,False,False,True,False,True,False,False,False,False,False,True,False,False,False,False,True,False,True,False,False,0.03,0,0,Faible
1,55.4,55.4,70,2294,False,False,False,False,True,False,False,False,False,False,False,False,False,False,False,False,False,False,False,False,True,False,False,True,False,True,False,True,0.985,1,1,Élevé
59,89.75,5496.9,70,5170,False,True,False,False,True,False,True,True,False,False,True,False,True,False,True,False,False,False,False,False,False,False,False,True,False,True,False,False,0.025,0,0,Faible
4,48.75,179.85,25,3048,False,True,False,False,True,False,True,False,False,False,False,False,False,False,False,False,False,False,False,False,False,False,False,False,False,False,True,False,0.04,0,0,Faible
23,55.8,1327.85,20,2499,False,False,False,False,True,False,False,False,False,False,False,False,True,False,True,False,False,False,False,False,False,True,False,False,False,False,False,False,0.0,0,0,Faible
72,25.0,1738.9,41,4275,True,False,True,True,True,False,True,False,True,True,False,True,False,True,False,True,False,True,False,True,False,False,True,False,False,False,False,False,0.0,0,0,Faible
19,24.9,467.7,79,5396,False,False,True,True,True,False,True,False,True,True,False,True,False,True,False,True,False,True,False,True,False,False,True,True,False,False,False,False,0.01,0,0,Faible
62,24.25,1424.6,33,4444,True,False,True,False,True,False,True,False,True,True,False,True,False,True,False,True,False,True,False,True,False,False,True,True,False,False,False,False,0.0,0,0,Faible
72,114.05,8468.2,39,4842,True,False,True,False,True,False,True,True,False,False,True,False,True,False,True,False,True,False,True,False,True,False,True,True,True,False,False,False,0.0,0,0,Faible
3,77.0,237.75,96,3128,True,True,False,False,True,False,True,True,False,False,False,False,False,False,False,False,False,False,False,False,False,False,False,True,False,True,False,True,1.0,1,1,Élevé
42,104.75,4323.45,79,2984,False,True,False,False,True,False,True,True,False,False,False,False,True,False,True,False,False,False,True,False,True,False,False,True,False,False,False,True,0.95,1,1,Élevé
8,60.0,487.75,29,5862,False,False,False,False,True,False,False,False,False,False,True,False,False,False,False,False,False,False,True,False,False,False,False,True,False,True,False,False,0.0,0,0,Faible
27,101.25,2754.45,77,4853,False,True,True,False,True,False,False,True,False,False,True,False,False,False,True,False,False,False,True,False,True,False,False,True,False,True,False,True,0.93,1,1,Élevé
1,74.5,74.5,69,2016,False,False,False,False,True,False,True,True,False,False,False,False,False,False,False,False,False,False,False,False,False,False,False,True,False,True,False,True,0.99,1,1,Élevé
4,99.8,442.85,89,2268,False,True,False,False,True,False,False,True,False,False,False,False,True,False,True,False,False,False,True,False,True,False,False,True,True,False,False,True,0.99,1,1,Élevé
1,19.75,19.75,32,4099,False,False,False,False,True,False,False,False,True,True,False,True,False,True,False,True,False,True,False,True,False,False,False,False,False,False,True,False,0.005,0,0,Faible
23,90.6,1943.2,82,4359,True,False,False,False,True,False,True,True,False,False,False,False,False,False,False,False,True,False,True,False,False,False,False,True,False,True,False,True,1.0,1,1,Élevé
39,48.95,1880.85,80,3080,True,False,False,False,False,True,False,False,False,False,True,False,True,False,False,False,True,False,True,False,False,False,False,True,True,False,False,True,0.85,1,1,Élevé
33,80.6,2656.5,72,3601,False,True,True,False,True,False,True,True,False,False,False,False,True,False,False,False,False,False,False,False,False,False,False,True,False,False,False,True,0.965,1,1,Élevé
44,88.4,3912.9,99,2674,True,True,True,False,True,False,True,True,False,False,False,False,True,False,False,False,False,False,False,False,True,True,False,False,False,False,True,True,0.985,1,1,Élevé
1,74.5,74.5,75,5554,True,False,True,False,True,False,True,True,False,False,False,False,False,False,False,False,False,False,False,False,False,False,False,True,False,True,False,True,1.0,1,1,Élevé
67,35.7,2545.7,25,5655,False,False,True,False,False,True,False,False,False,False,True,False,False,False,False,False,True,False,False,False,False,False,True,False,True,False,False,False,0.01,0,0,Faible
48,70.1,3238.4,27,5476,False,False,True,True,True,False,False,False,False,False,True,False,True,False,True,False,False,False,False,False,True,False,True,True,True,False,False,False,0.0,0,0,Faible
6,19.45,113.5,43,3461,True,False,True,True,True,False,False,False,True,True,False,True,False,True,False,True,False,True,False,True,False,True,False,False,False,False,True,False,0.0,0,0,Faible
24,39.1,971.3,89,4591,True,True,True,False,False,True,False,False,False,False,True,False,False,False,False,False,False,False,False,False,True,False,False,False,False,False,False,True,0.985,1,1,Élevé
4,19.6,93.45,66,4580,False,False,True,False,True,False,False,False,True,True,False,True,False,True,False,True,False,True,False,True,False,False,False,False,False,False,True,False,0.02,0,0,Faible
4,19.7,117.8,43,5018,True,False,False,False,True,False,False,False,True,True,False,True,False,True,False,True,False,True,False,True,False,True,False,False,False,False,True,False,0.005,0,0,Faible
56,68.45,4014.0,79,4368,False,True,True,False,True,False,True,False,False,False,True,False,True,False,True,False,True,False,False,False,False,True,False,True,True,False,False,False,0.02,0,0,Faible
48,20.0,935.9,50,2608,False,False,True,True,True,False,False,False,True,True,False,True,False,True,False,True,False,True,False,True,False,False,True,False,False,False,True,False,0.0,0,0,Faible
45,54.65,2553.7,39,5083,True,False,True,True,True,False,False,False,False,False,True,False,False,False,False,False,True,False,False,False,False,False,True,False,False,False,False,False,0.0,0,0,Faible
23,68.75,1689.45,34,3519,False,False,True,False,True,False,False,False,False,False,True,False,False,False,True,False,True,False,False,False,True,True,False,True,False,False,False,False,0.0,0,0,Faible
72,25.0,1802.55,69,4055,True,True,True,False,True,False,True,False,True,True,False,True,False,True,False,True,False,True,False,True,False,False,True,True,False,False,False,False,0.0,0,0,Faible
4,20.95,85.5,85,5822,False,False,False,False,True,False,False,False,True,True,False,True,False,True,False,True,False,True,False,True,False,False,False,False,False,False,False,True,0.975,1,1,Élevé
54,106.55,5763.3,90,4893,False,False,True,False,True,False,True,True,False,False,True,False,True,False,False,False,False,False,True,False,True,True,False,False,False,False,False,True,0.995,1,1,Élevé
48,111.45,5315.1,74,2319,True,False,True,False,True,False,True,True,False,False,True,False,True,False,True,False,False,False,True,False,True,False,False,True,False,False,False,False,0.045,0,0,Faible
4,44.55,174.3,66,5605,True,False,False,False,False,True,False,False,False,False,False,False,False,False,False,False,False,False,True,False,True,False,False,True,False,True,False,True,0.94,1,1,Élevé
7,64.95,493.65,37,4615,False,True,False,False,True,False,False,False,False,False,False,False,True,False,True,False,False,False,True,False,False,False,False,True,False,True,False,False,0.01,0,0,Faible
30,48.8,1536.75,71,4864,False,False,False,False,True,False,False,False,False,False,True,False,False,False,False,False,False,False,False,False,False,False,False,True,False,False,True,False,0.015,0,0,Faible
32,78.9,2447.95,90,5949,True,False,True,False,True,False,True,True,False,False,False,False,False,False,True,False,False,False,False,False,False,False,False,True,False,True,False,True,0.985,1,1,Élevé
65,19.9,1292.6,34,6312,True,False,True,False,True,False,False,False,True,True,False,True,False,True,False,True,False,True,False,True,False,False,True,False,False,False,True,False,0.0,0,0,Faible
14,44.6,641.25,51,4612,True,False,True,False,True,False,False,False,False,False,False,False,False,False,False,False,False,False,False,False,False,True,False,False,False,True,False,False,0.005,0,0,Faible
35,20.05,746.75,49,3942,True,False,True,True,True,False,False,False,True,True,False,True,False,True,False,True,False,True,False,True,False,True,False,False,False,False,False,False,0.0,0,0,Faible
1,102.45,102.45,85,4811,False,False,True,False,True,False,True,True,False,False,True,False,False,False,True,False,False,False,True,False,True,False,False,True,False,True,False,True,0.985,1,1,Élevé
2,74.9,147.15,93,2078,False,False,False,False,True,False,True,True,False,False,False,False,False,False,False,False,False,False,False,False,False,False,False,False,True,False,False,True,1.0,1,1,Élevé
1,20.0,20.0,33,2358,False,False,True,True,True,False,False,False,True,True,False,True,False,True,False,True,False,True,False,True,False,False,False,False,False,True,False,False,0.025,0,0,Faible
1,18.85,18.85,90,4132,True,False,False,False,True,False,False,False,True,True,False,True,False,True,False,True,False,True,False,True,False,False,False,True,False,False,True,True,0.965,1,1,Élevé
50,20.15,989.05,29,5249,True,False,False,False,True,False,False,False,True,True,False,True,False,True,False,True,False,True,False,True,False,True,False,False,True,False,False,False,0.0,0,0,Faible
2,81.5,162.55,59,4267,False,True,False,False,True,False,False,True,False,False,False,False,False,False,False,False,False,False,True,False,False,False,False,False,False,False,True,False,0.02,0,0,Faible
4,76.05,318.9,75,3685,True,False,False,False,True,False,True,True,False,False,False,False,False,False,False,False,False,False,False,False,False,False,False,True,False,True,False,True,0.995,1,1,Élevé
25,89.5,2196.15,90,4849,True,True,False,False,True,False,True,True,False,False,False,False,True,False,False,False,False,False,True,False,False,False,False,True,False,True,False,True,1.0,1,1,Élevé
44,73.85,3122.4,48,4374,True,True,False,False,True,False,False,True,False,False,False,False,False,False,True,False,False,False,False,False,False,False,False,False,False,True,False,False,0.005,0,0,Faible
18,19.0,348.8,39,5379,True,False,False,False,True,False,False,False,True,True,False,True,False,True,False,True,False,True,False,True,False,False,False,False,False,True,False,False,0.0,0,0,Faible
55,81.55,4509.5,80,5167,False,False,False,False,True,False,False,True,False,False,False,False,True,False,True,False,False,False,False,False,False,False,False,True,False,True,False,False,0.08,0,0,Faible
10,24.8,223.9,36,5212,True,False,False,True,True,False,True,False,True,True,False,True,False,True,False,True,False,True,False,True,False,False,False,False,True,False,False,False,0.005,0,0,Faible
6,20.95,109.5,77,5554,False,False,False,False,True,False,False,False,True,True,False,True,False,True,False,True,False,True,False,True,False,False,False,True,False,False,True,False,0.01,0,0,Faible
1,80.0,80.0,88,2046,True,False,True,False,True,False,False,True,False,False,False,False,False,False,False,False,False,False,False,False,True,False,False,False,False,True,False,True,0.99,1,1,Élevé
41,55.7,2237.55,26,5590,True,False,False,False,True,False,True,False,False,False,False,False,False,False,True,False,False,False,False,False,False,False,False,True,False,False,False,False,0.005,0,0,Faible
56,59.8,3457.45,72,4964,True,False,True,True,True,False,False,False,False,False,True,False,True,False,True,False,False,False,False,False,False,False,True,True,False,False,False,False,0.0,0,0,Faible
71,108.55,7616.0,58,4111,True,False,True,False,True,False,True,True,False,False,True,False,False,False,True,False,True,False,True,False,True,False,True,True,True,False,False,False,0.005,0,0,Faible
24,19.9,533.5,68,4158,False,False,True,True,True,False,False,False,True,True,False,True,False,True,False,True,False,True,False,True,False,True,False,False,False,False,True,False,0.0,0,0,Faible
2,56.55,118.25,33,2069,False,True,False,False,True,False,True,False,False,False,False,False,True,False,False,False,False,False,False,False,False,False,False,True,True,False,False,False,0.03,0,0,Faible
3,64.6,174.2,24,5277,False,False,False,False,True,False,True,False,False,False,False,False,False,False,False,False,True,False,True,False,False,False,False,False,False,True,False,False,0.025,0,0,Faible
71,24.45,1681.6,77,4742,False,False,True,False,True,False,True,False,True,True,False,True,False,True,False,True,False,True,False,True,False,False,True,True,True,False,False,False,0.01,0,0,Faible
9,18.95,185.6,78,5403,True,False,False,False,True,False,False,False,True,True,False,True,False,True,False,True,False,True,False,True,False,False,False,True,False,False,True,True,0.85,1,1,Élevé
53,103.85,5485.5,87,5860,True,True,True,False,True,False,True,True,False,False,False,False,True,False,True,False,False,False,True,False,True,False,False,True,False,True,False,True,0.98,1,1,Élevé
60,79.05,4663.4,60,5275,True,False,True,True,True,False,False,False,False,False,True,False,True,False,False,False,True,False,True,False,True,False,False,True,True,False,False,False,0.0,0,0,Faible
71,95.75,6849.4,26,4865,False,False,True,True,True,False,True,True,False,False,False,False,True,False,True,False,False,False,False,False,True,False,True,True,True,False,False,False,0.0,0,0,Faible
22,81.7,1820.9,34,5602,False,True,False,False,True,False,False,True,False,False,True,False,True,False,False,False,False,False,False,False,False,False,False,False,False,True,False,False,0.005,0,0,Faible
39,80.45,3201.55,85,2224,False,False,False,False,True,False,False,True,False,False,False,False,False,False,True,False,True,False,False,False,False,False,True,True,False,True,False,True,0.91,1,1,Élevé
1,50.5,50.5,83,2077,True,False,False,False,True,False,False,False,False,False,False,False,False,False,True,False,False,False,False,False,False,False,False,True,False,True,False,True,0.99,1,1,Élevé
17,20.5,365.8,65,2259,True,False,False,False,True,False,False,False,True,True,False,True,False,True,False,True,False,True,False,True,False,True,False,True,False,False,True,False,0.0,0,0,Faible
9,88.4,788.6,32,2952,False,False,False,False,True,False,False,True,False,False,False,False,False,False,False,False,False,False,True,False,True,False,False,True,False,False,True,False,0.025,0,0,Faible
12,78.95,927.35,86,5806,False,False,False,True,True,False,True,True,False,False,True,False,False,False,False,False,False,False,False,False,False,False,False,True,False,True,False,True,0.965,1,1,Élevé
24,20.15,456.85,39,3573,False,False,True,False,True,False,False,False,True,True,False,True,False,True,False,True,False,True,False,True,False,True,False,False,False,False,True,False,0.0,0,0,Faible
21,86.5,1808.7,72,2036,False,False,True,False,True,False,True,True,False,False,False,False,False,False,False,False,False,False,False,False,True,False,False,True,False,True,False,True,0.96,1,1,Élevé
54,100.05,5299.65,69,4478,False,False,False,False,True,False,False,True,False,False,True,False,True,False,False,False,False,False,True,False,True,True,False,True,True,False,False,False,0.02,0,0,Faible
1,20.1,20.1,95,4933,True,False,False,False,True,False,False,False,True,True,False,True,False,True,False,True,False,True,False,True,False,False,False,True,False,False,True,True,0.995,1,1,Élevé
1,20.4,20.4,92,3663,False,False,False,False,True,False,False,False,True,True,False,True,False,True,False,True,False,True,False,True,False,False,False,False,False,False,True,True,0.985,1,1,Élevé
65,82.5,5215.1,26,5314,False,False,True,True,True,False,True,False,False,False,True,False,True,False,False,False,True,False,True,False,True,False,True,True,False,False,False,False,0.0,0,0,Faible
26,75.0,1908.35,79,4705,True,False,False,False,True,False,False,False,False,False,True,False,False,False,False,False,True,False,True,False,True,True,False,False,False,False,False,False,0.045,0,0,Faible
13,96.65,1244.5,65,2110,False,False,False,False,True,False,True,True,False,False,True,False,True,False,False,False,False,False,True,False,False,False,False,True,False,True,False,True,0.92,1,1,Élevé
34,69.15,2275.1,63,4478,True,True,False,False,True,False,False,True,False,False,False,False,False,False,False,False,False,False,False,False,False,False,False,False,True,False,False,False,0.005,0,0,Faible
72,25.75,1864.2,24,4413,True,False,True,False,True,False,True,False,True,True,False,True,False,True,False,True,False,True,False,True,False,False,True,False,True,False,False,False,0.0,0,0,Faible
6,83.9,497.55,97,3962,False,False,False,False,True,False,False,True,False,False,False,False,False,False,True,False,False,False,False,False,True,False,False,False,False,True,False,True,0.99,1,1,Élevé
24,90.35,2238.5,67,5546,True,False,False,False,True,False,False,True,False,False,False,False,False,False,False,False,False,False,True,False,True,False,False,True,False,True,False,True,0.925,1,1,Élevé
2,20.45,42.45,56,2606,False,False,False,False,True,False,False,False,True,True,False,True,False,True,False,True,False,True,False,True,False,False,False,True,False,False,True,False,0.005,0,0,Faible
6,59.45,357.6,54,2393,True,False,False,False,True,False,False,False,False,False,False,False,True,False,False,False,False,False,True,False,False,False,False,False,False,True,False,False,0.005,0,0,Faible
67,54.2,3838.2,57,6005,True,False,True,True,True,False,False,False,False,False,True,False,True,False,False,False,False,False,False,False,False,False,True,True,False,False,False,False,0.0,0,0,Faible
35,76.05,2747.2,38,5479,True,True,True,True,True,False,False,False,False,False,False,False,True,False,False,False,True,False,True,False,True,False,False,True,False,True,False,False,0.005,0,0,Faible
29,31.2,926.2,39,4761,False,False,False,False,False,True,False,False,False,False,False,False,False,False,False,False,True,False,False,False,False,False,False,True,False,True,False,False,0.015,0,0,Faible
21,64.85,1336.8,51,3302,False,False,False,False,True,False,False,False,False,False,True,False,False,False,True,False,False,False,False,False,True,True,False,False,False,False,True,False,0.0,0,0,Faible
27,75.75,1929.0,46,4994,True,False,True,True,True,False,True,True,False,False,False,False,False,False,False,False,False,False,False,False,False,False,False,True,False,False,False,False,0.0,0,0,Faible
1,25.05,25.05,95,2119,True,True,True,False,False,True,False,False,False,False,False,False,False,False,False,False,False,False,False,False,False,False,False,False,False,True,False,True,0.97,1,1,Élevé
72,92.3,6719.9,56,5136,True,False,True,False,True,False,True,False,False,False,True,False,True,False,True,False,True,False,True,False,True,False,True,False,True,False,False,False,0.0,0,0,Faible
62,105.5,6487.2,56,4271,True,False,True,True,True,False,True,True,False,False,True,False,True,False,False,False,False,False,True,False,True,False,False,True,False,True,False,False,0.01,0,0,Faible
17,102.55,1742.5,75,3803,True,False,True,False,True,False,True,True,False,False,False,False,True,False,True,False,False,False,True,False,True,False,False,True,False,True,False,False,0.1,0,0,Faible
14,90.45,1266.1,96,4777,True,True,False,False,True,False,False,True,False,False,False,False,False,False,False,False,False,False,True,False,True,False,False,False,True,False,False,True,0.975,1,1,Élevé
5,69.95,330.15,81,2969,False,False,True,False,True,False,False,True,False,False,False,False,False,False,False,False,False,False,False,False,False,False,False,False,False,True,False,True,0.99,1,1,Élevé
1,76.35,76.35,67,5613,False,False,False,False,True,False,False,True,False,False,False,False,False,False,True,False,False,False,False,False,False,False,False,False,False,True,False,True,0.98,1,1,Élevé
18,74.15,1387.0,49,2643,True,False,False,False,True,False,True,True,False,False,False,False,False,False,False,False,False,False,False,False,False,False,False,False,False,False,True,False,0.01,0,0,Faible
35,85.95,3110.1,99,3833,False,False,False,False,True,False,True,False,False,False,True,False,False,False,True,False,True,False,True,False,True,True,False,True,True,False,False,True,0.965,1,1,Élevé
14,19.7,263.65,68,2966,False,False,True,True,True,False,False,False,True,True,False,True,False,True,False,True,False,True,False,True,False,False,True,True,False,False,True,False,0.0,0,0,Faible
30,19.3,602.9,30,4453,False,False,True,True,True,False,False,False,True,True,False,True,False,True,False,True,False,True,False,True,False,False,True,False,False,False,True,False,0.0,0,0,Faible
13,78.3,1033.95,26,5566,True,False,False,True,True,False,False,True,False,False,False,False,False,False,False,False,False,False,True,False,False,False,False,True,True,False,False,False,0.025,0,0,Faible
64,81.25,5567.55,67,4761,True,False,False,False,True,False,True,False,False,False,True,False,True,False,True,False,True,False,True,False,False,True,False,False,False,True,False,False,0.02,0,0,Faible
12,19.7,260.9,62,3423,False,False,False,False,True,False,False,False,True,True,False,True,False,True,False,True,False,True,False,True,False,True,False,False,False,False,True,False,0.0,0,0,Faible
72,24.65,1830.05,66,5065,False,False,True,False,True,False,True,False,True,True,False,True,False,True,False,True,False,True,False,True,False,False,True,False,False,False,False,False,0.0,0,0,Faible
57,53.75,3196.0,58,5594,True,False,False,False,False,True,False,False,False,False,True,False,False,False,True,False,False,False,True,False,True,False,False,True,False,True,False,False,0.015,0,0,Faible
61,69.9,4226.7,76,5117,True,False,True,False,True,False,True,False,False,False,True,False,False,False,True,False,False,False,False,False,True,False,True,True,False,False,True,False,0.0,0,0,Faible
72,110.1,7746.7,57,5232,False,True,False,False,True,False,True,True,False,False,True,False,True,False,False,False,True,False,True,False,True,False,True,True,False,False,False,False,0.005,0,0,Faible
68,114.7,7849.85,59,5671,True,False,True,True,True,False,True,True,False,False,True,False,True,False,True,False,True,False,True,False,True,False,True,True,False,False,False,False,0.0,0,0,Faible
17,70.4,1214.05,67,4469,True,False,True,False,True,False,False,True,False,False,False,False,False,False,False,False,False,False,False,False,False,False,False,True,False,False,False,True,0.925,1,1,Élevé
16,49.45,799.0,49,3446,True,False,False,False,True,False,False,False,False,False,False,False,False,False,False,False,True,False,False,False,False,False,False,True,False,False,True,False,0.0,0,0,Faible
10,20.45,242.4,54,4613,True,False,True,True,True,False,False,False,True,True,False,True,False,True,False,True,False,True,False,True,False,True,False,False,False,False,True,False,0.0,0,0,Faible
1,25.2,25.2,67,5688,False,True,False,False,False,True,False,False,False,False,False,False,False,False,False,False,False,False,False,False,False,False,False,True,False,True,False,True,0.965,1,1,Élevé
46,90.95,4236.6,38,5187,False,False,True,True,True,False,False,True,False,False,False,False,False,False,True,False,True,False,False,False,True,True,False,False,False,False,False,False,0.01,0,0,Faible
40,55.25,2139.2,65,2810,True,False,False,True,True,False,False,False,False,False,True,False,True,False,False,False,False,False,False,False,False,False,False,True,False,False,True,True,0.79,1,1,Élevé
62,20.05,1201.65,74,4568,True,False,False,False,True,False,False,False,True,True,False,True,False,True,False,True,False,True,False,True,False,False,True,True,True,False,False,False,0.0,0,0,Faible
61,89.2,5500.6,23,5536,False,False,False,False,True,False,True,True,False,False,False,False,False,False,True,False,False,False,False,False,True,False,False,False,False,False,True,False,0.005,0,0,Faible
1,45.1,45.1,77,4884,True,False,False,False,True,False,False,False,False,False,False,False,False,False,False,False,False,False,False,False,False,False,False,True,False,False,False,True,0.96,1,1,Élevé
53,94.0,4871.45,73,6355,False,True,True,False,True,False,False,True,False,False,False,False,True,False,True,False,True,False,True,False,False,True,False,True,False,True,False,False,0.055,0,0,Faible
3,25.0,78.25,70,2730,True,False,True,False,False,True,False,False,False,False,False,False,False,False,False,False,False,False,False,False,False,False,False,False,False,False,True,False,0.115,0,0,Faible
3,23.6,89.05,27,5587,True,False,True,False,True,False,True,False,True,True,False,True,False,True,False,True,False,True,False,True,False,False,False,True,False,False,True,False,0.005,0,0,Faible
31,94.5,2979.2,42,3949,True,False,False,False,True,False,False,True,False,False,False,False,True,False,False,False,False,False,True,False,True,False,False,True,False,True,False,False,0.0,0,0,Faible
53,108.25,5935.1,73,5989,False,False,True,True,True,False,False,True,False,False,False,False,True,False,True,False,True,False,True,False,True,False,False,True,False,False,False,False,0.015,0,0,Faible
6,80.25,493.4,26,2706,True,False,False,False,True,False,False,False,False,False,True,False,False,False,True,False,True,False,True,False,True,False,True,True,False,False,True,False,0.03,0,0,Faible
15,94.0,1505.45,77,4521,False,False,False,False,True,False,False,True,False,False,False,False,False,False,True,False,False,False,True,False,True,False,False,True,True,False,False,False,0.115,0,0,Faible
72,89.55,6448.85,25,4993,False,True,True,False,True,False,True,False,False,False,True,False,True,False,True,False,True,False,True,False,True,False,True,True,True,False,False,False,0.005,0,0,Faible
40,50.15,2058.5,71,2454,True,False,True,False,True,False,False,False,False,False,False,False,True,False,False,False,False,False,False,False,False,False,False,True,False,False,True,False,0.025,0,0,Faible
1,19.75,19.75,100,4851,True,False,False,False,True,False,False,False,True,True,False,True,False,True,False,True,False,True,False,True,False,False,False,False,False,False,True,True,0.995,1,1,Élevé
36,34.85,1267.2,50,4452,False,False,False,False,False,True,False,False,False,False,False,False,True,False,False,False,True,False,False,False,False,False,False,True,False,False,False,False,0.01,0,0,Faible
8,87.05,762.1,69,2545,False,False,False,False,True,False,True,True,False,False,False,False,False,False,False,False,False,False,True,False,False,False,False,True,False,True,False,True,0.98,1,1,Élevé
5,68.95,351.5,57,5536,False,False,True,False,True,False,False,True,False,False,False,False,False,False,False,False,False,False,False,False,False,False,False,True,False,True,False,False,0.005,0,0,Faible
66,104.6,6819.45,27,5722,False,True,True,False,True,False,True,True,False,False,False,False,True,False,True,False,False,False,True,False,True,True,False,False,True,False,False,False,0.005,0,0,Faible
30,70.4,2044.75,68,3380,True,False,False,False,True,False,False,False,False,False,True,False,True,False,False,False,True,False,True,False,False,True,False,False,False,True,False,False,0.01,0,0,Faible
7,29.8,201.95,56,4236,False,False,False,True,False,True,False,False,False,False,True,False,False,False,False,False,False,False,False,False,False,False,False,False,False,False,True,False,0.01,0,0,Faible
7,99.25,665.45,90,2487,True,True,True,False,True,False,True,True,False,False,False,False,False,False,True,False,False,False,True,False,True,False,False,True,False,True,False,True,0.99,1,1,Élevé
57,53.35,3090.05,42,5461,True,False,False,False,False,True,False,False,False,False,False,False,False,False,True,False,True,False,True,False,True,False,True,False,True,False,False,False,0.0,0,0,Faible
1,50.45,50.45,75,2426,False,False,True,True,True,False,False,False,False,False,False,False,False,False,True,False,False,False,False,False,False,False,False,False,False,False,True,True,0.905,1,1,Élevé
1,45.35,45.35,23,3980,False,False,False,False,True,False,False,False,False,False,False,False,False,False,False,False,False,False,False,False,False,False,False,False,False,False,True,False,0.005,0,0,Faible
22,90.5,1910.6,71,5014,True,True,False,False,True,False,True,True,False,False,False,False,False,False,False,False,True,False,True,False,False,False,False,True,False,False,False,True,0.905,1,1,Élevé
1,80.05,80.05,82,2943,False,False,True,False,True,False,False,True,False,False,False,False,False,False,False,False,False,False,True,False,False,False,False,True,False,False,True,True,1.0,1,1,Élevé
16,74.75,1129.35,27,3574,False,False,False,False,True,False,True,True,False,False,False,False,False,False,False,False,False,False,False,False,False,False,False,True,True,False,False,False,0.015,0,0,Faible
56,24.15,1402.25,21,5137,True,False,True,True,True,False,True,False,True,True,False,True,False,True,False,True,False,True,False,True,False,False,True,False,False,False,False,False,0.0,0,0,Faible
40,102.65,4108.15,52,3655,True,False,False,False,True,False,True,True,False,False,False,False,True,False,True,False,False,False,True,False,True,False,False,True,False,False,True,False,0.01,0,0,Faible
8,21.05,139.75,78,2158,False,False,True,True,True,False,False,False,True,True,False,True,False,True,False,True,False,True,False,True,False,False,False,False,True,False,False,False,0.03,0,0,Faible
35,72.25,2568.55,83,5898,False,False,True,True,True,False,True,False,False,False,True,False,False,False,True,False,True,False,True,False,False,False,False,False,False,True,False,True,0.95,1,1,Élevé
63,105.4,6713.2,66,4551,True,False,False,False,True,False,True,True,False,False,False,False,True,False,False,False,True,False,True,False,True,False,False,False,False,True,False,False,0.02,0,0,Faible
7,50.3,355.1,42,2547,False,False,True,False,True,False,False,False,False,False,True,False,False,False,False,False,False,False,False,False,False,False,False,True,False,False,False,False,0.0,0,0,Faible
22,24.85,493.4,51,3534,True,False,False,False,True,False,True,False,True,True,False,True,False,True,False,True,False,True,False,True,False,False,False,True,True,False,False,False,0.015,0,0,Faible
5,65.6,339.9,65,5636,True,False,False,False,True,False,False,False,False,False,False,False,True,False,False,False,True,False,False,False,True,False,False,True,False,False,False,False,0.05,0,0,Faible
33,105.35,3465.05,58,4738,False,True,False,True,True,False,True,True,False,False,False,False,True,False,True,False,False,False,True,False,True,False,False,True,False,False,False,False,0.015,0,0,Faible
44,24.85,1013.6,58,5331,True,False,True,False,True,False,True,False,True,True,False,True,False,True,False,True,False,True,False,True,False,True,False,False,False,True,False,False,0.01,0,0,Faible
46,103.15,4594.65,32,3517,False,False,True,False,True,False,True,True,False,False,False,False,True,False,False,False,True,False,True,False,True,True,False,True,False,True,False,False,0.005,0,0,Faible
62,97.95,5936.55,50,5428,False,True,True,False,True,False,True,True,False,False,False,False,True,False,True,False,False,False,True,False,False,True,False,True,True,False,False,False,0.0,0,0,Faible
1,75.3,75.3,66,2176,False,False,False,False,True,False,False,True,False,False,False,False,False,False,True,False,False,False,False,False,False,False,False,False,False,True,False,True,0.96,1,1,Élevé
6,30.5,208.7,93,4667,True,False,False,False,False,True,False,False,False,False,False,False,True,False,False,False,False,False,False,False,False,False,False,True,True,False,False,True,0.99,1,1,Élevé
27,81.45,2122.05,83,2571,True,True,False,False,True,False,True,True,False,False,False,False,True,False,False,False,False,False,False,False,False,False,False,True,False,True,False,True,0.995,1,1,Élevé
50,75.7,3876.2,75,6144,False,False,True,False,True,False,True,False,False,False,False,False,False,False,True,False,False,False,True,False,True,True,False,False,False,False,False,False,0.015,0,0,Faible
15,79.4,1156.1,74,3621,True,True,False,False,True,False,False,True,False,False,False,False,False,False,False,False,False,False,False,False,True,False,False,True,False,True,False,True,0.96,1,1,Élevé
3,85.3,264.8,67,4934,True,False,False,False,True,False,True,True,False,False,False,False,False,False,False,False,False,False,False,False,True,False,False,True,False,True,False,True,0.99,1,1,Élevé
2,79.95,174.45,44,5213,True,False,False,False,True,False,False,True,False,False,False,False,False,False,False,False,False,False,True,False,False,False,False,True,False,True,False,False,0.02,0,0,Faible
2,70.3,132.4,27,4799,True,False,False,False,True,False,False,False,False,False,False,False,False,False,False,False,True,False,True,False,True,False,False,False,False,True,False,False,0.01,0,0,Faible
66,54.65,3632.0,42,4051,True,False,True,True,False,True,False,False,False,False,False,False,False,False,True,False,True,False,True,False,True,False,True,False,False,False,False,False,0.0,0,0,Faible
6,45.65,323.45,40,4227,False,False,True,False,True,False,False,False,False,False,False,False,False,False,False,False,False,False,False,False,False,False,False,False,False,False,True,False,0.0,0,0,Faible
19,105.0,2007.25,59,3524,False,True,False,False,True,False,False,True,False,False,True,False,True,False,False,False,True,False,True,False,True,False,False,True,False,False,True,False,0.03,0,0,Faible
16,85.05,1391.15,80,3739,True,True,True,False,True,False,True,True,False,False,False,False,False,False,False,False,False,False,True,False,False,False,False,True,True,False,False,False,0.09,0,0,Faible
66,99.5,6822.15,96,4479,True,True,True,False,True,False,True,True,False,False,False,False,False,False,True,False,False,False,True,False,True,False,False,True,True,False,False,True,1.0,1,1,Élevé
54,90.05,4931.8,23,5232,True,True,False,False,True,False,True,True,False,False,False,False,True,False,False,False,False,False,False,False,True,False,False,True,False,True,False,False,0.0,0,0,Faible
49,56.3,2780.6,20,5913,False,False,True,False,False,True,False,False,False,False,False,False,True,False,False,False,True,False,True,False,True,True,False,True,True,False,False,False,0.015,0,0,Faible
7,74.35,533.6,51,2463,True,False,False,False,True,False,False,True,False,False,True,False,False,False,False,False,False,False,False,False,False,False,False,False,False,False,True,False,0.005,0,0,Faible
10,29.75,301.9,51,2013,False,False,False,False,False,True,False,False,False,False,True,False,False,False,False,False,False,False,False,False,False,False,False,False,False,False,True,False,0.005,0,0,Faible
72,88.6,6201.95,52,5842,True,False,False,False,True,False,True,False,False,False,False,False,True,False,True,False,True,False,True,False,True,False,True,True,False,False,False,False,0.0,0,0,Faible
56,94.8,5264.3,59,5693,True,True,False,True,True,False,False,True,False,False,True,False,False,False,False,False,False,False,True,False,True,True,False,False,True,False,False,False,0.01,0,0,Faible
15,19.8,309.4,73,2681,True,False,False,False,True,False,False,False,True,True,False,True,False,True,False,True,False,True,False,True,False,False,False,True,False,False,True,False,0.005,0,0,Faible
51,81.15,4126.2,56,4549,True,False,False,False,True,False,True,False,False,False,True,False,True,False,True,False,True,False,True,False,False,True,False,True,True,False,False,False,0.005,0,0,Faible
34,79.95,2727.3,26,3570,False,False,False,False,True,False,False,False,False,False,True,False,False,False,True,False,True,False,True,False,True,True,False,True,False,False,False,False,0.005,0,0,Faible
1,54.9,54.9,89,2833,False,False,False,False,True,False,False,False,False,False,True,False,True,False,False,False,False,False,False,False,False,False,False,True,False,True,False,True,0.99,1,1,Élevé
9,69.05,653.95,60,2907,True,False,True,False,True,False,True,False,False,False,False,False,True,False,True,False,False,False,False,False,True,False,False,True,True,False,False,False,0.0,0,0,Faible
1,50.15,50.15,50,4014,True,False,False,False,True,False,False,False,False,False,False,False,True,False,False,False,False,False,False,False,False,False,False,True,False,False,True,False,0.005,0,0,Faible
30,85.0,2624.25,97,3698,False,False,True,False,True,False,True,True,False,False,False,False,False,False,False,False,False,False,False,False,True,False,False,True,False,True,False,True,1.0,1,1,Élevé
1,45.4,45.4,67,2168,False,False,False,False,True,False,False,False,False,False,False,False,False,False,False,False,False,False,False,False,False,False,False,True,False,False,True,True,0.97,1,1,Élevé
1,29.95,29.95,95,4534,False,False,False,False,False,True,False,False,False,False,False,False,True,False,False,False,False,False,False,False,False,False,False,False,False,False,False,True,0.985,1,1,Élevé
72,80.85,5727.45,51,6067,True,False,True,True,True,False,True,False,False,False,True,False,True,False,True,False,True,False,True,False,False,False,True,True,False,False,False,False,0.0,0,0,Faible
22,84.15,1821.95,32,3549,False,False,False,False,True,False,True,True,False,False,False,False,False,False,False,False,False,False,True,False,False,False,False,True,False,False,False,False,0.005,0,0,Faible
17,21.1,385.55,78,2842,True,False,False,False,True,False,False,False,True,True,False,True,False,True,False,True,False,True,False,True,False,False,False,False,True,False,False,False,0.015,0,0,Faible
60,103.75,5969.95,53,6237,True,False,True,True,True,False,True,True,False,False,False,False,True,False,False,False,True,False,True,False,True,False,False,True,False,False,False,False,0.0,0,0,Faible
61,94.1,5638.3,71,6295,True,False,True,False,True,False,True,True,False,False,False,False,True,False,False,False,True,False,True,False,False,False,True,True,False,True,False,True,0.785,1,1,Élevé
28,89.9,2433.5,55,3676,False,False,True,False,True,False,False,True,False,False,False,False,True,False,True,False,False,False,False,False,True,False,False,False,True,False,False,False,0.02,0,0,Faible
68,25.05,1629.2,24,4187,True,False,True,False,True,False,True,False,True,True,False,True,False,True,False,True,False,True,False,True,False,False,True,False,True,False,False,False,0.0,0,0,Faible
41,25.25,996.45,40,3461,True,False,False,False,True,False,True,False,True,True,False,True,False,True,False,True,False,True,False,True,False,False,False,True,False,False,False,False,0.005,0,0,Faible
33,91.25,2964.05,57,3296,True,False,True,False,True,False,False,True,False,False,False,False,False,False,False,False,False,False,True,False,True,False,False,False,False,True,False,False,0.01,0,0,Faible
46,45.55,2062.15,27,5565,False,False,True,False,False,True,False,False,False,False,True,False,True,False,False,False,False,False,True,False,False,False,False,False,False,True,False,False,0.01,0,0,Faible
37,95.25,3314.15,29,2969,False,False,True,True,True,False,True,True,False,False,False,False,False,False,False,False,False,False,True,False,True,False,False,True,False,True,False,False,0.0,0,0,Faible
15,89.85,1424.95,99,2668,False,True,False,False,True,False,True,True,False,False,False,False,True,False,False,False,False,False,False,False,True,False,False,False,False,True,False,True,1.0,1,1,Élevé
14,104.85,1531.4,86,2292,False,True,False,False,True,False,True,True,False,False,False,False,True,False,True,False,False,False,True,False,True,False,False,True,False,True,False,True,0.995,1,1,Élevé
13,79.8,973.45,75,5067,True,False,False,False,True,False,False,True,False,False,False,False,True,False,True,False,False,False,False,False,False,False,False,True,False,True,False,True,0.97,1,1,Élevé
1,24.4,24.4,80,4570,True,False,False,False,False,True,False,False,False,False,False,False,False,False,False,False,False,False,False,False,False,False,False,False,False,False,True,False,0.09,0,0,Faible
71,19.9,1397.3,53,6015,False,False,True,True,True,False,False,False,True,True,False,True,False,True,False,True,False,True,False,True,False,False,True,False,True,False,False,False,0.0,0,0,Faible
35,59.45,2136.9,49,3682,False,False,True,True,True,False,True,False,False,False,True,False,True,False,False,False,False,False,False,False,False,False,False,True,True,False,False,False,0.005,0,0,Faible
50,24.9,1195.25,68,4297,True,False,False,False,True,False,True,False,True,True,False,True,False,True,False,True,False,True,False,True,False,False,True,False,False,False,False,False,0.0,0,0,Faible
62,92.3,5731.45,58,6468,True,False,False,False,True,False,True,True,False,False,True,False,True,False,False,False,False,False,False,False,True,True,False,True,False,False,False,False,0.005,0,0,Faible
71,113.15,7993.3,35,4955,False,False,False,False,True,False,True,True,False,False,True,False,True,False,True,False,True,False,True,False,True,False,True,True,True,False,False,False,0.0,0,0,Faible
18,87.9,1500.5,33,5192,True,False,True,True,True,False,False,True,False,False,True,False,False,False,True,False,False,False,True,False,False,False,False,True,False,False,True,False,0.005,0,0,Faible
9,20.1,190.25,20,3444,True,False,False,True,True,False,False,False,True,True,False,True,False,True,False,True,False,True,False,True,False,True,False,False,False,False,True,False,0.0,0,0,Faible
24,21.05,531.55,63,2050,False,False,False,False,True,False,False,False,True,True,False,True,False,True,False,True,False,True,False,True,False,True,False,False,False,False,False,False,0.0,0,0,Faible
72,87.55,6463.15,43,5341,True,False,True,True,True,False,True,False,False,False,True,False,True,False,True,False,True,False,True,False,True,False,True,True,False,False,False,False,0.0,0,0,Faible
64,19.45,1208.6,28,5628,False,False,True,False,True,False,False,False,True,True,False,True,False,True,False,True,False,True,False,True,False,False,True,False,True,False,False,False,0.0,0,0,Faible
63,91.35,5764.7,47,4512,True,False,True,True,True,False,True,True,False,False,False,False,True,False,False,False,False,False,False,False,True,True,False,True,False,True,False,False,0.0,0,0,Faible
1,44.15,44.15,97,4773,True,False,False,False,True,False,False,False,False,False,False,False,False,False,False,False,False,False,False,False,False,False,False,True,False,False,True,True,0.975,1,1,Élevé
10,19.95,219.5,48,3044,True,False,False,True,True,False,False,False,True,True,False,True,False,True,False,True,False,True,False,True,False,True,False,True,False,False,False,False,0.0,0,0,Faible
38,101.15,3956.7,34,3738,True,False,True,True,True,False,True,True,False,False,False,False,False,False,True,False,False,False,True,False,True,False,False,True,True,False,False,False,0.0,0,0,Faible
1,95.65,95.65,87,3473,False,False,False,False,True,False,True,True,False,False,False,False,False,False,False,False,False,False,True,False,True,False,False,False,False,False,True,True,0.99,1,1,Élevé
71,58.25,4145.9,76,5224,False,False,True,False,False,True,False,False,False,False,False,False,True,False,True,False,True,False,True,False,True,False,True,False,False,False,False,False,0.01,0,0,Faible
1,71.35,71.35,77,2619,False,False,False,False,True,False,False,True,False,False,False,False,False,False,False,False,False,False,False,False,False,False,False,False,False,True,False,True,0.96,1,1,Élevé
9,76.25,684.85,62,2062,True,False,False,False,True,False,True,True,False,False,False,False,False,False,False,False,False,False,False,False,False,False,False,True,False,True,False,False,0.015,0,0,Faible
44,61.9,2924.05,63,4388,True,False,True,True,True,False,False,False,False,False,False,False,True,False,True,False,True,False,False,False,False,False,False,True,False,False,True,False,0.0,0,0,Faible
48,29.5,1423.05,36,3194,False,False,True,True,False,True,False,False,False,False,False,False,False,False,False,False,True,False,False,False,False,False,False,True,True,False,False,False,0.01,0,0,Faible
62,56.15,3487.95,58,4529,True,False,False,False,True,False,False,False,False,False,True,False,True,False,False,False,False,False,False,False,False,True,False,False,False,False,False,False,0.0,0,0,Faible
24,88.95,2072.75,37,5557,False,False,False,False,True,False,True,True,False,False,False,False,False,False,True,False,False,False,True,False,False,False,False,True,True,False,False,False,0.015,0,0,Faible
8,19.65,169.75,38,4535,True,False,True,True,True,False,False,False,True,True,False,True,False,True,False,True,False,True,False,True,False,False,False,False,True,False,False,False,0.0,0,0,Faible
34,108.9,3625.2,24,5151,True,True,True,True,True,False,True,True,False,False,False,False,True,False,True,False,True,False,True,False,True,False,False,True,False,True,False,False,0.0,0,0,Faible
31,81.15,2640.55,25,3031,True,False,False,False,True,False,True,True,False,False,False,False,True,False,False,False,False,False,False,False,False,False,False,True,False,True,False,False,0.0,0,0,Faible
5,20.15,117.95,66,5020,False,False,False,False,True,False,False,False,True,True,False,True,False,True,False,True,False,True,False,True,False,False,False,False,False,False,True,False,0.02,0,0,Faible
51,78.65,3950.85,80,5408,False,False,True,False,True,False,True,False,False,False,False,False,True,False,False,False,True,False,True,False,True,True,False,True,True,False,False,False,0.04,0,0,Faible
56,80.9,4557.5,56,5344,True,False,True,False,True,False,False,True,False,False,False,False,False,False,False,False,False,False,False,False,True,True,False,True,False,True,False,False,0.015,0,0,Faible
71,53.95,3888.65,76,4094,True,False,False,False,False,True,False,False,False,False,True,False,True,False,True,False,True,False,True,False,False,False,True,False,False,False,False,False,0.0,0,0,Faible
17,92.55,1614.7,23,3689,False,True,True,False,True,False,True,True,False,False,False,False,False,False,False,False,False,False,True,False,True,False,False,True,False,True,False,False,0.005,0,0,Faible
10,94.9,1048.85,83,2832,True,False,False,False,True,False,False,True,False,False,False,False,False,False,True,False,False,False,True,False,True,False,False,True,False,True,False,True,1.0,1,1,Élevé
50,71.05,3444.85,94,5746,False,True,True,False,True,False,False,True,False,False,False,False,False,False,False,False,False,False,False,False,False,False,False,True,False,True,False,True,0.975,1,1,Élevé
1,29.15,29.15,40,3923,True,False,False,False,False,True,False,False,False,False,False,False,False,False,False,False,True,False,False,False,False,False,False,False,False,False,True,False,0.01,0,0,Faible
15,19.9,320.45,29,3366,False,False,False,False,True,False,False,False,True,True,False,True,False,True,False,True,False,True,False,True,False,False,False,False,False,False,True,False,0.0,0,0,Faible
69,19.9,1363.45,54,5570,True,False,True,False,True,False,False,False,True,True,False,True,False,True,False,True,False,True,False,True,False,False,True,False,False,False,True,False,0.0,0,0,Faible
66,25.3,1673.8,56,6019,True,False,False,True,True,False,True,False,True,True,False,True,False,True,False,True,False,True,False,True,False,False,True,True,True,False,False,False,0.0,0,0,Faible
65,74.8,4820.15,89,5207,True,False,True,False,True,False,False,False,False,False,True,False,False,False,False,False,True,False,True,False,True,False,True,True,False,False,False,True,0.925,1,1,Élevé
68,108.45,7176.55,65,4454,True,False,False,False,True,False,True,True,False,False,False,False,True,False,True,False,True,False,True,False,True,True,False,False,False,True,False,True,0.875,1,1,Élevé
46,110.2,4972.1,55,4162,False,True,True,True,True,False,True,True,False,False,True,False,True,False,False,False,True,False,True,False,True,False,False,True,False,True,False,False,0.0,0,0,Faible
72,115.5,8312.75,44,4697,False,False,True,False,True,False,True,True,False,False,True,False,True,False,True,False,True,False,True,False,True,False,True,True,False,False,False,False,0.0,0,0,Faible
48,23.55,1173.35,66,5019,True,False,True,True,True,False,True,False,True,True,False,True,False,True,False,True,False,True,False,True,False,False,True,False,False,False,True,False,0.0,0,0,Faible
10,53.7,521.0,48,5671,True,False,True,True,False,True,False,False,False,False,True,False,True,False,True,False,True,False,False,False,True,False,True,False,True,False,False,False,0.01,0,0,Faible
6,69.25,418.4,77,5816,False,False,False,False,True,False,False,True,False,False,False,False,False,False,False,False,False,False,False,False,False,False,False,True,False,False,True,True,0.955,1,1,Élevé
63,109.4,7031.45,24,5961,True,True,False,False,True,False,True,True,False,False,True,False,True,False,True,False,False,False,True,False,True,False,False,True,False,False,False,False,0.0,0,0,Faible
64,81.3,5129.3,74,5254,False,False,True,False,True,False,True,False,False,False,True,False,True,False,True,False,True,False,False,False,True,False,True,True,False,False,True,False,0.0,0,0,Faible
17,80.85,1400.85,77,5174,True,False,True,False,True,False,False,True,False,False,False,False,False,False,False,False,False,False,True,False,False,False,False,False,False,True,False,True,0.965,1,1,Élevé
3,41.15,132.2,96,2314,True,True,False,False,False,True,False,False,False,False,False,False,False,False,True,False,False,False,False,False,True,False,False,True,False,True,False,True,0.97,1,1,Élevé
26,51.55,1295.4,36,3130,True,False,False,False,True,False,True,False,False,False,False,False,False,False,False,False,False,False,False,False,False,True,False,True,True,False,False,False,0.01,0,0,Faible
27,20.1,562.6,28,3428,True,False,False,False,True,False,False,False,True,True,False,True,False,True,False,True,False,True,False,True,False,True,False,False,False,False,False,False,0.005,0,0,Faible
7,19.45,165.35,42,2600,True,False,False,False,True,False,False,False,True,True,False,True,False,True,False,True,False,True,False,True,False,False,True,False,False,False,True,False,0.015,0,0,Faible
1,70.25,70.25,89,4133,False,False,False,False,True,False,False,True,False,False,False,False,False,False,False,False,False,False,False,False,False,False,False,True,False,True,False,True,1.0,1,1,Élevé
36,51.05,1815.0,56,2161,False,False,True,True,True,False,False,False,False,False,True,False,False,False,False,False,False,False,False,False,False,False,False,False,True,False,False,False,0.01,0,0,Faible
2,20.35,41.85,74,5761,False,False,True,False,True,False,False,False,True,True,False,True,False,True,False,True,False,True,False,True,False,False,False,False,False,False,True,False,0.025,0,0,Faible
1,20.35,20.35,40,2183,False,False,False,False,True,False,False,False,True,True,False,True,False,True,False,True,False,True,False,True,False,False,False,True,False,False,True,False,0.01,0,0,Faible
16,19.6,314.45,79,4298,False,False,True,False,True,False,False,False,True,True,False,True,False,True,False,True,False,True,False,True,False,False,False,False,False,False,True,False,0.02,0,0,Faible
22,20.3,475.1,50,4510,True,False,False,False,True,False,False,False,True,True,False,True,False,True,False,True,False,True,False,True,False,True,False,False,False,False,True,False,0.0,0,0,Faible
50,83.4,4113.7,68,4977,False,True,False,False,True,False,True,True,False,False,True,False,True,False,False,False,False,False,False,False,False,False,False,True,False,True,False,False,0.05,0,0,Faible
3,70.4,204.7,67,2491,False,True,False,False,True,False,False,True,False,False,False,False,False,False,False,False,False,False,False,False,False,False,False,True,False,True,False,True,0.995,1,1,Élevé
61,104.4,6405.0,84,4412,False,True,True,False,True,False,True,True,False,False,False,False,True,False,True,False,False,False,True,False,True,True,False,True,True,False,False,True,0.995,1,1,Élevé
6,44.7,276.5,30,4270,True,True,False,False,True,False,False,False,False,False,False,False,False,False,False,False,False,False,False,False,False,False,False,False,True,False,False,False,0.025,0,0,Faible
8,43.35,371.4,68,2560,True,True,True,False,False,True,False,False,False,False,False,False,True,False,True,False,False,False,False,False,True,False,False,True,False,False,True,False,0.06,0,0,Faible
63,81.15,5224.5,60,5294,False,False,True,False,True,False,False,True,False,False,True,False,False,False,True,False,False,False,False,False,False,True,False,True,True,False,False,False,0.005,0,0,Faible
2,79.6,195.05,94,4322,False,True,False,False,True,False,False,True,False,False,False,False,False,False,False,False,False,False,False,False,True,False,False,True,False,True,False,True,0.985,1,1,Élevé
26,92.4,2349.8,75,5461,True,False,False,False,True,False,True,True,False,False,True,False,True,False,False,False,False,False,True,False,False,False,False,True,True,False,False,False,0.055,0,0,Faible
7,89.0,605.45,36,5711,True,True,True,False,True,False,False,True,False,False,False,False,False,False,False,False,False,False,True,False,True,False,False,True,False,True,False,False,0.0,0,0,Faible
65,85.75,5688.45,21,4978,True,True,True,True,True,False,True,True,False,False,True,False,True,False,False,False,False,False,False,False,False,False,False,True,False,True,False,False,0.0,0,0,Faible
51,98.85,4947.55,43,6034,False,False,True,False,True,False,True,True,False,False,False,False,False,False,True,False,False,False,True,False,True,True,False,True,False,True,False,False,0.0,0,0,Faible
10,110.1,1043.3,76,5803,True,False,False,False,True,False,False,True,False,False,True,False,True,False,True,False,True,False,True,False,True,False,False,True,False,True,False,True,0.935,1,1,Élevé
34,20.8,635.9,64,4985,True,False,True,True,True,False,False,False,True,True,False,True,False,True,False,True,False,True,False,True,False,False,False,False,False,False,True,False,0.005,0,0,Faible
1,19.75,19.75,38,3666,False,False,False,False,True,False,False,False,True,True,False,True,False,True,False,True,False,True,False,True,False,False,False,False,False,True,False,False,0.045,0,0,Faible
18,84.3,1537.9,72,4612,True,False,False,False,True,False,True,True,False,False,False,False,False,False,False,False,False,False,True,False,False,False,False,False,False,False,False,False,0.035,0,0,Faible
21,99.85,1992.55,74,2113,False,False,False,False,True,False,True,True,False,False,False,False,True,False,False,False,False,False,True,False,True,False,False,True,True,False,False,False,0.075,0,0,Faible
61,106.0,6547.7,92,4334,True,False,True,False,True,False,True,True,False,False,True,False,True,False,False,False,False,False,True,False,True,True,False,True,False,True,False,True,0.985,1,1,Élevé
7,94.05,633.45,38,5545,False,False,False,False,True,False,False,True,False,False,False,False,True,False,False,False,False,False,True,False,True,True,False,True,False,False,True,False,0.025,0,0,Faible
1,49.9,49.9,72,3113,True,False,False,True,True,False,False,False,False,False,False,False,False,False,False,False,True,False,False,False,False,False,False,True,False,False,True,True,0.885,1,1,Élevé
1,69.9,69.9,26,3358,True,False,False,False,True,False,False,True,False,False,False,False,False,False,False,False,False,False,False,False,False,False,False,True,False,True,False,False,0.02,0,0,Faible
61,106.45,6300.15,65,4842,True,False,False,False,True,False,True,True,False,False,True,False,False,False,True,False,False,False,True,False,True,False,False,True,False,True,False,False,0.03,0,0,Faible
66,95.3,6273.4,49,5706,True,False,True,False,True,False,True,True,False,False,False,False,True,False,True,False,False,False,False,False,True,True,False,False,False,True,False,False,0.015,0,0,Faible
35,83.15,2848.45,65,2332,True,False,False,False,True,False,True,True,False,False,False,False,False,False,False,False,False,False,True,False,False,False,False,False,False,True,False,False,0.05,0,0,Faible
3,35.2,108.95,100,5450,False,False,False,False,False,True,False,False,False,False,False,False,False,False,False,False,False,False,True,False,False,False,False,False,True,False,False,True,0.96,1,1,Élevé
2,19.9,57.4,40,2822,False,False,False,False,True,False,False,False,True,True,False,True,False,True,False,True,False,True,False,True,False,False,False,False,False,True,False,False,0.005,0,0,Faible
7,44.25,313.45,58,5014,False,False,True,False,True,False,False,False,False,False,False,False,False,False,False,False,False,False,False,False,False,False,False,True,False,False,True,False,0.005,0,0,Faible
42,55.65,2421.75,80,5831,False,True,False,False,True,False,True,False,False,False,False,False,False,False,True,False,False,False,False,False,False,False,False,False,False,True,False,False,0.035,0,0,Faible
16,38.9,664.4,39,3300,False,False,False,False,False,True,False,False,False,False,True,False,False,False,False,False,False,False,True,False,False,False,False,True,False,True,False,False,0.005,0,0,Faible
40,40.25,1564.05,30,4288,True,False,False,True,False,True,False,False,False,False,True,False,True,False,False,False,True,False,False,False,False,True,False,False,False,False,True,False,0.0,0,0,Faible
15,19.65,332.65,71,5928,True,False,True,True,True,False,False,False,True,True,False,True,False,True,False,True,False,True,False,True,False,True,False,False,False,False,True,False,0.005,0,0,Faible
2,49.2,103.7,75,2342,False,False,False,False,True,False,False,False,False,False,False,False,True,False,False,False,False,False,False,False,False,False,False,False,False,False,True,False,0.09,0,0,Faible
68,20.5,1424.9,68,4201,False,False,False,False,True,False,False,False,True,True,False,True,False,True,False,True,False,True,False,True,False,False,True,False,True,False,False,False,0.0,0,0,Faible
6,84.4,556.35,77,4539,True,False,False,False,True,False,False,True,False,False,False,False,True,False,False,False,False,False,False,False,True,False,False,True,False,True,False,True,0.955,1,1,Élevé
28,76.55,2065.4,71,2085,True,False,True,False,True,False,False,True,False,False,False,False,False,False,False,False,True,False,False,False,False,False,False,False,False,False,False,False,0.07,0,0,Faible
45,20.4,930.45,87,5398,True,False,False,False,True,False,False,False,True,True,False,True,False,True,False,True,False,True,False,True,False,True,False,True,False,True,False,True,0.86,1,1,Élevé
72,109.15,7789.6,46,4807,False,False,True,False,True,False,True,True,False,False,False,False,True,False,True,False,True,False,True,False,True,True,False,False,True,False,False,False,0.01,0,0,Faible
57,19.9,1115.6,48,4408,False,False,True,False,True,False,False,False,True,True,False,True,False,True,False,True,False,True,False,True,False,False,True,False,False,False,False,False,0.0,0,0,Faible
38,105.0,4026.4,92,2341,False,False,True,False,True,False,True,True,False,False,False,False,False,False,True,False,True,False,True,False,True,False,False,True,False,True,False,True,0.995,1,1,Élevé
6,48.8,297.35,45,4538,False,False,True,True,True,False,False,False,False,False,False,False,False,False,False,False,True,False,False,False,False,False,False,True,False,False,True,False,0.005,0,0,Faible
37,19.5,805.2,72,3924,False,False,True,False,True,False,False,False,True,True,False,True,False,True,False,True,False,True,False,True,False,False,False,False,False,False,False,False,0.005,0,0,Faible
48,97.05,4692.95,66,5893,False,False,True,False,True,False,False,True,False,False,False,False,True,False,True,False,False,False,True,False,True,True,False,True,False,True,False,False,0.025,0,0,Faible
67,85.25,5714.2,61,6322,False,False,False,False,True,False,True,False,False,False,True,False,False,False,True,False,True,False,True,False,True,False,True,True,False,False,True,False,0.0,0,0,Faible
23,73.75,1756.6,28,3483,False,False,False,False,True,False,True,False,False,False,False,False,False,False,False,False,True,False,True,False,True,True,False,True,False,False,True,False,0.005,0,0,Faible
6,69.1,435.0,55,5741,True,False,False,False,True,False,False,True,False,False,False,False,False,False,False,False,False,False,False,False,False,False,False,True,False,True,False,False,0.01,0,0,Faible
25,19.9,505.45,76,4134,True,False,True,True,True,False,False,False,True,True,False,True,False,True,False,True,False,True,False,True,False,True,False,False,False,True,False,False,0.005,0,0,Faible
63,19.95,1234.8,74,5151,True,False,True,False,True,False,False,False,True,True,False,True,False,True,False,True,False,True,False,True,False,False,True,True,False,False,False,False,0.005,0,0,Faible
55,89.8,4959.6,42,5875,False,False,True,False,True,False,True,True,False,False,True,False,False,False,False,False,False,False,True,False,False,False,False,True,False,False,False,False,0.0,0,0,Faible
54,55.45,2966.95,58,4521,True,True,False,False,False,True,False,False,False,False,False,False,True,False,True,False,False,False,True,False,True,True,False,True,False,True,False,False,0.01,0,0,Faible
3,80.7,239.45,46,2081,False,False,True,True,True,False,False,True,False,False,False,False,False,False,False,False,False,False,True,False,False,False,False,True,False,True,False,False,0.025,0,0,Faible
61,80.8,4860.85,72,4302,True,False,True,False,True,False,True,False,False,False,True,False,True,False,True,False,True,False,False,False,True,False,True,True,False,False,False,False,0.005,0,0,Faible
2,20.0,38.0,77,4823,True,False,True,False,True,False,False,False,True,True,False,True,False,True,False,True,False,True,False,True,False,False,False,False,False,False,True,False,0.01,0,0,Faible
1,75.7,75.7,93,4884,False,False,False,False,True,False,False,True,False,False,False,False,True,False,False,False,False,False,False,False,False,False,False,True,False,True,False,True,1.0,1,1,Élevé
9,29.95,248.95,83,2573,True,False,True,False,False,True,False,False,False,False,False,False,True,False,False,False,False,False,False,False,False,False,False,True,False,True,False,True,0.99,1,1,Élevé
12,95.7,1184.0,41,5527,True,False,False,False,True,False,False,True,False,False,False,False,False,False,True,False,False,False,True,False,True,True,False,False,False,True,False,False,0.01,0,0,Faible
59,85.55,5084.65,80,6304,True,False,True,False,True,False,True,True,False,False,False,False,False,False,False,False,False,False,False,False,True,True,False,False,False,True,False,True,0.895,1,1,Élevé
5,20.65,93.55,60,5597,True,False,False,False,True,False,False,False,True,True,False,True,False,True,False,True,False,True,False,True,False,False,False,False,False,False,False,False,0.0,0,0,Faible
1,20.55,20.55,87,5636,True,False,False,False,True,False,False,False,True,True,False,True,False,True,False,True,False,True,False,True,False,False,False,False,False,True,False,True,0.905,1,1,Élevé
14,19.95,268.4,71,5770,True,False,False,True,True,False,False,False,True,True,False,True,False,True,False,True,False,True,False,True,False,False,False,False,False,False,True,False,0.0,0,0,Faible
32,109.55,3608.0,72,5076,False,False,False,False,True,False,True,True,False,False,True,False,False,False,True,False,True,False,True,False,True,True,False,True,False,False,False,False,0.04,0,0,Faible
29,45.0,1242.45,73,3290,True,False,False,True,False,True,False,False,False,False,True,False,True,False,True,False,True,False,False,False,False,False,False,True,False,False,True,False,0.025,0,0,Faible
52,85.15,4461.85,69,4322,True,False,False,False,True,False,True,False,False,False,True,False,True,False,False,False,True,False,True,False,True,False,True,True,False,False,True,False,0.0,0,0,Faible
2,69.8,146.65,26,3527,True,False,False,False,True,False,False,True,False,False,False,False,False,False,False,False,False,False,False,False,False,False,False,True,False,True,False,False,0.005,0,0,Faible
18,77.8,1358.6,42,4228,False,False,False,False,True,False,False,True,False,False,False,False,True,False,True,False,False,False,False,False,False,False,False,False,False,True,False,False,0.015,0,0,Faible
16,79.5,1264.2,64,5040,False,False,False,True,True,False,True,True,False,False,False,False,False,False,False,False,True,False,False,False,False,True,False,True,True,False,False,False,0.03,0,0,Faible
55,116.5,6382.55,58,4222,True,True,False,False,True,False,True,True,False,False,True,False,True,False,True,False,True,False,True,False,True,False,False,True,False,True,False,False,0.015,0,0,Faible
69,60.05,4176.7,22,5388,True,False,False,False,False,True,False,False,False,False,True,False,True,False,False,False,True,False,True,False,True,False,True,True,False,False,False,False,0.005,0,0,Faible
14,74.95,1036.75,70,2075,True,True,False,False,True,False,True,True,False,False,False,False,False,False,False,False,False,False,False,False,False,False,False,True,False,True,False,True,0.975,1,1,Élevé
46,69.1,3168.0,53,2333,False,False,True,False,True,False,False,False,False,False,False,False,True,False,False,False,False,False,True,False,True,False,False,True,True,False,False,False,0.01,0,0,Faible
68,24.95,1614.9,72,6146,False,False,True,False,True,False,True,False,True,True,False,True,False,True,False,True,False,True,False,True,False,False,True,True,True,False,False,False,0.005,0,0,Faible
15,58.95,955.15,55,4497,False,False,False,False,True,False,False,False,False,False,True,False,False,False,True,False,True,False,False,False,False,False,False,False,False,True,False,False,0.01,0,0,Faible
55,19.1,1001.5,66,4391,True,False,False,True,True,False,False,False,True,True,False,True,False,True,False,True,False,True,False,True,False,True,False,False,False,False,False,False,0.0,0,0,Faible
71,113.65,8166.8,27,6208,False,False,True,True,True,False,True,True,False,False,True,False,True,False,True,False,True,False,True,False,True,False,True,False,True,False,False,False,0.0,0,0,Faible
16,71.4,1212.1,39,3360,True,False,False,False,True,False,True,False,False,False,False,False,True,False,True,False,False,False,False,False,True,False,False,True,False,False,False,False,0.005,0,0,Faible
69,19.75,1375.4,72,5325,False,False,True,False,True,False,False,False,True,True,False,True,False,True,False,True,False,True,False,True,False,False,True,False,False,False,False,False,0.0,0,0,Faible
37,62.8,2278.75,66,5229,True,False,True,False,True,False,True,False,False,False,True,False,False,False,True,False,True,False,False,False,False,False,True,True,True,False,False,False,0.0,0,0,Faible
1,20.3,20.3,80,4270,True,False,False,False,True,False,False,False,True,True,False,True,False,True,False,True,False,True,False,True,False,False,False,False,False,False,True,False,0.06,0,0,Faible
59,66.4,3958.2,64,6432,True,False,True,False,True,False,False,False,False,False,True,False,True,False,True,False,False,False,True,False,False,True,False,False,True,False,False,False,0.005,0,0,Faible
20,96.55,1901.65,36,4382,False,False,True,False,True,False,False,True,False,False,True,False,True,False,False,False,True,False,True,False,False,False,False,True,False,True,False,False,0.015,0,0,Faible
71,116.25,8564.75,47,6124,True,False,True,False,True,False,True,True,False,False,True,False,True,False,True,False,True,False,True,False,True,False,True,True,False,True,False,False,0.015,0,0,Faible
26,90.1,2312.55,39,2068,False,False,True,False,True,False,True,False,False,False,True,False,True,False,True,False,True,False,True,False,True,True,False,True,True,False,False,False,0.03,0,0,Faible
36,90.85,3186.7,92,5692,True,True,False,False,True,False,True,True,False,False,True,False,False,False,False,False,False,False,True,False,False,False,False,True,False,True,False,True,0.995,1,1,Élevé
7,19.85,144.15,60,3973,False,False,True,True,True,False,False,False,True,True,False,True,False,True,False,True,False,True,False,True,False,False,True,False,False,False,True,False,0.0,0,0,Faible
19,20.6,414.95,32,2276,True,False,True,True,True,False,False,False,True,True,False,True,False,True,False,True,False,True,False,True,False,False,False,False,False,False,True,False,0.0,0,0,Faible
50,95.05,4888.7,92,5863,False,True,True,False,True,False,True,True,False,False,False,False,True,False,True,False,False,False,True,False,False,False,False,True,False,True,False,True,0.98,1,1,Élevé
1,73.5,73.5,74,4378,False,False,False,False,True,False,False,True,False,False,False,False,False,False,True,False,False,False,False,False,False,False,False,False,False,False,False,True,0.995,1,1,Élevé
63,99.9,6137.0,71,4776,False,False,False,False,True,False,True,True,False,False,False,False,True,False,False,False,False,False,True,False,True,True,False,False,False,False,False,True,0.855,1,1,Élevé
43,84.25,3539.25,51,4382,True,False,True,False,True,False,False,True,False,False,True,False,False,False,True,False,True,False,False,False,False,True,False,True,False,False,False,False,0.005,0,0,Faible
28,18.25,534.7,67,5327,True,False,False,False,True,False,False,False,True,True,False,True,False,True,False,True,False,True,False,True,False,True,False,False,True,False,False,False,0.005,0,0,Faible
72,20.05,1423.65,76,4747,False,False,True,False,True,False,False,False,True,True,False,True,False,True,False,True,False,True,False,True,False,False,True,False,False,False,False,False,0.0,0,0,Faible
59,88.75,5348.65,21,6492,False,True,True,True,True,False,True,True,False,False,False,False,False,False,True,False,False,False,False,False,True,False,False,True,True,False,False,False,0.0,0,0,Faible
3,25.25,58.9,76,2088,False,False,False,False,False,True,False,False,False,False,False,False,False,False,False,False,False,False,False,False,False,False,False,False,False,True,False,True,0.955,1,1,Élevé
1,20.75,20.75,76,2791,True,False,False,False,True,False,False,False,True,True,False,True,False,True,False,True,False,True,False,True,False,False,False,False,True,False,False,False,0.035,0,0,Faible
16,89.05,1448.6,87,5953,True,False,False,False,True,False,True,True,False,False,False,False,False,False,False,False,True,False,False,False,True,False,False,True,True,False,False,True,0.985,1,1,Élevé
45,70.05,3062.45,43,4223,False,True,False,False,True,False,True,False,False,False,True,False,False,False,False,False,True,False,False,False,True,False,False,True,False,True,False,False,0.005,0,0,Faible
40,105.75,4228.55,41,4078,False,False,True,False,True,False,True,True,False,False,True,False,False,False,True,False,False,False,True,False,True,True,False,False,False,False,False,False,0.005,0,0,Faible
49,99.25,4920.8,43,4995,True,False,True,False,True,False,False,True,False,False,False,False,False,False,True,False,True,False,True,False,True,True,False,True,True,False,False,False,0.005,0,0,Faible
1,77.15,77.15,79,2756,False,False,False,False,True,False,True,True,False,False,False,False,False,False,False,False,False,False,False,False,False,False,False,True,False,True,False,True,1.0,1,1,Élevé
18,55.95,1082.8,76,2035,False,False,True,True,True,False,False,False,False,False,False,False,False,False,False,False,False,False,True,False,False,False,False,False,False,False,True,False,0.07,0,0,Faible
64,94.6,5948.7,26,5038,False,False,True,False,True,False,True,True,False,False,True,False,False,False,True,False,False,False,True,False,False,False,True,True,True,False,False,False,0.005,0,0,Faible
71,84.4,5969.3,21,5619,False,False,True,False,True,False,False,False,False,False,True,False,True,False,True,False,True,False,True,False,True,False,True,True,True,False,False,False,0.0,0,0,Faible
15,69.0,994.8,73,5671,False,False,False,False,True,False,False,True,False,False,False,False,False,False,False,False,False,False,False,False,False,False,False,False,False,False,False,True,0.905,1,1,Élevé
1,62.05,62.05,86,2937,True,False,False,False,True,False,True,False,False,False,False,False,False,False,True,False,True,False,False,False,False,False,False,False,False,False,True,True,0.975,1,1,Élevé
10,24.4,253.9,54,4458,True,False,True,True,True,False,True,False,True,True,False,True,False,True,False,True,False,True,False,True,False,False,False,True,False,False,True,False,0.005,0,0,Faible
70,72.95,5265.55,70,6466,True,False,True,False,True,False,True,False,False,False,False,False,True,False,True,False,True,False,True,False,False,False,True,False,False,False,False,False,0.0,0,0,Faible
67,69.35,4653.25,40,5589,True,False,True,True,True,False,True,False,False,False,True,False,True,False,True,False,True,False,False,False,False,True,False,True,True,False,False,False,0.0,0,0,Faible
4,19.9,76.65,74,2347,True,False,True,True,True,False,False,False,True,True,False,True,False,True,False,True,False,True,False,True,False,False,True,False,False,False,True,False,0.005,0,0,Faible
70,64.55,4504.9,30,4858,False,False,True,False,False,True,False,False,False,False,True,False,True,False,True,False,True,False,True,False,True,False,True,False,False,False,False,False,0.0,0,0,Faible
1,90.85,90.85,81,3424,True,False,False,False,True,False,True,True,False,False,False,False,True,False,False,False,False,False,False,False,True,False,False,True,True,False,False,True,0.975,1,1,Élevé
67,111.3,7482.1,85,4146,True,False,True,False,True,False,True,True,False,False,True,False,True,False,True,False,False,False,True,False,True,True,False,True,False,True,False,True,0.985,1,1,Élevé
5,75.55,349.65,97,4028,False,True,False,False,True,False,False,True,False,False,False,False,False,False,True,False,False,False,False,False,False,False,False,True,True,False,False,True,0.995,1,1,Élevé
3,26.4,121.25,77,4315,True,False,False,True,True,False,True,False,True,True,False,True,False,True,False,True,False,True,False,True,False,False,True,True,False,False,True,False,0.025,0,0,Faible
1,19.45,19.45,26,5612,False,False,True,True,True,False,False,False,True,True,False,True,False,True,False,True,False,True,False,True,False,False,False,False,False,True,False,False,0.035,0,0,Faible
20,20.65,417.5,40,4147,True,False,True,False,True,False,False,False,True,True,False,True,False,True,False,True,False,True,False,True,False,True,False,False,False,False,True,False,0.0,0,0,Faible
65,91.55,5963.95,26,4921,False,False,True,True,True,False,True,False,False,False,True,False,True,False,True,False,True,False,True,False,True,False,True,False,False,False,False,False,0.0,0,0,Faible
48,45.3,2145.0,65,4926,False,False,True,False,False,True,False,False,False,False,True,False,False,False,True,False,False,False,False,False,True,False,False,True,False,False,False,True,0.845,1,1,Élevé
47,24.55,1160.45,78,3629,True,False,True,True,True,False,True,False,True,True,False,True,False,True,False,True,False,True,False,True,False,False,True,False,False,False,True,False,0.005,0,0,Faible
34,109.8,3587.25,78,3410,False,False,False,False,True,False,True,True,False,False,True,False,True,False,True,False,False,False,True,False,True,False,False,True,False,False,True,True,0.935,1,1,Élevé
67,65.65,4322.85,20,5441,False,False,True,False,True,False,True,False,False,False,True,False,True,False,True,False,False,False,False,False,False,False,True,False,False,False,True,False,0.0,0,0,Faible
52,30.1,1623.4,51,6290,True,False,False,False,False,True,False,False,False,False,False,False,True,False,False,False,False,False,False,False,False,True,False,False,False,False,True,False,0.02,0,0,Faible
64,115.1,7334.05,78,5213,False,False,False,False,True,False,True,True,False,False,True,False,True,False,True,False,True,False,True,False,True,False,True,True,False,False,False,False,0.02,0,0,Faible
26,50.35,1277.5,48,2510,False,False,False,False,False,True,False,False,False,False,False,False,False,False,True,False,False,False,True,False,True,False,False,True,True,False,False,False,0.005,0,0,Faible
5,20.05,95.55,51,2483,True,False,False,False,True,False,False,False,True,True,False,True,False,True,False,True,False,True,False,True,False,False,False,False,True,False,False,False,0.005,0,0,Faible
60,94.4,5610.25,99,4990,True,False,True,False,True,False,False,True,False,False,False,False,True,False,False,False,False,False,True,False,True,True,False,True,False,True,False,True,0.99,1,1,Élevé
3,65.25,209.9,43,2562,True,False,False,False,True,False,True,False,False,False,False,False,False,False,False,False,True,False,True,False,False,False,False,True,False,False,True,False,0.03,0,0,Faible
45,34.2,1596.6,38,5715,False,True,False,False,False,True,False,False,False,False,False,False,False,False,False,False,False,False,False,False,True,True,False,False,False,True,False,False,0.015,0,0,Faible
1,70.45,70.45,53,2706,True,False,False,True,True,False,False,False,False,False,True,False,True,False,False,False,True,False,False,False,True,False,False,True,False,False,False,False,0.04,0,0,Faible
8,75.75,606.25,92,4174,False,True,False,False,True,False,True,True,False,False,False,False,False,False,False,False,False,False,False,False,False,False,False,True,False,True,False,True,1.0,1,1,Élevé
59,82.95,4903.15,61,5295,True,True,True,False,True,False,False,True,False,False,True,False,True,False,True,False,False,False,False,False,False,True,False,True,True,False,False,False,0.0,0,0,Faible
18,49.55,878.35,97,2815,True,False,True,False,True,False,False,False,False,False,False,False,False,False,True,False,False,False,False,False,False,False,False,True,False,False,True,True,0.985,1,1,Élevé
39,40.6,1494.5,58,4436,True,False,False,False,False,True,False,False,False,False,False,False,False,False,False,False,True,False,False,False,True,False,False,True,False,True,False,False,0.01,0,0,Faible
69,20.2,1412.65,34,5267,False,False,True,True,True,False,False,False,True,True,False,True,False,True,False,True,False,True,False,True,False,False,True,False,False,False,False,False,0.0,0,0,Faible
55,96.75,5238.9,75,5154,True,False,True,True,True,False,True,True,False,False,True,False,True,False,False,False,False,False,True,False,False,False,False,True,False,True,False,True,0.81,1,1,Élevé
72,118.75,8672.45,49,5475,False,False,True,True,True,False,True,True,False,False,True,False,True,False,True,False,True,False,True,False,True,False,True,True,False,False,False,False,0.005,0,0,Faible
18,25.15,476.8,31,2675,True,False,False,False,False,True,False,False,False,False,False,False,False,False,False,False,False,False,False,False,False,False,False,False,False,False,True,False,0.01,0,0,Faible
72,110.45,7982.5,55,6030,False,False,True,False,True,False,True,True,False,False,False,False,True,False,True,False,True,False,True,False,True,False,True,True,False,False,False,False,0.0,0,0,Faible
1,49.75,49.75,79,2908,True,False,False,False,True,False,False,False,False,False,True,False,False,False,False,False,False,False,False,False,False,False,False,False,False,True,False,False,0.09,0,0,Faible
2,19.3,28.3,94,2279,True,False,False,False,True,False,False,False,True,True,False,True,False,True,False,True,False,True,False,True,False,True,False,False,True,False,False,True,0.935,1,1,Élevé
25,18.7,383.65,42,2289,False,False,True,True,True,False,False,False,True,True,False,True,False,True,False,True,False,True,False,True,False,False,True,True,False,False,True,False,0.0,0,0,Faible
36,19.25,679.8,79,4904,False,False,False,False,True,False,False,False,True,True,False,True,False,True,False,True,False,True,False,True,False,True,False,True,False,False,False,False,0.01,0,0,Faible
14,39.7,692.35,47,3162,False,True,False,False,False,True,False,False,False,False,True,False,False,False,True,False,True,False,False,False,False,False,True,False,False,False,True,False,0.005,0,0,Faible
18,95.15,1779.95,68,4643,True,False,True,False,True,False,False,True,False,False,False,False,False,False,True,False,False,False,True,False,True,False,False,False,False,False,True,True,0.925,1,1,Élevé
53,19.9,1110.05,61,4157,True,False,True,False,True,False,False,False,True,True,False,True,False,True,False,True,False,True,False,True,False,False,True,False,True,False,False,False,0.0,0,0,Faible
19,39.65,733.35,78,2933,True,False,False,False,False,True,False,False,False,False,False,False,False,False,True,False,False,False,True,False,False,False,False,True,False,True,False,True,0.955,1,1,Élevé
59,90.3,5194.05,53,4617,False,False,True,True,True,False,True,False,False,False,True,False,True,False,True,False,True,False,True,False,True,False,True,False,True,False,False,False,0.0,0,0,Faible
11,78.5,874.2,51,4333,True,True,False,False,True,False,False,True,False,False,False,False,False,False,False,False,False,False,False,False,True,False,False,True,False,True,False,False,0.0,0,0,Faible
48,95.4,4445.3,33,4334,True,False,False,False,True,False,True,True,False,False,True,False,False,False,False,False,True,False,False,False,True,False,False,True,False,True,False,False,0.01,0,0,Faible
52,48.8,2555.05,67,4865,True,True,False,False,False,True,False,False,False,False,True,False,False,False,False,False,False,False,True,False,True,False,False,True,True,False,False,False,0.055,0,0,Faible
27,53.45,1461.45,75,2191,True,False,False,False,True,False,False,False,False,False,True,False,False,False,False,False,True,False,False,False,False,False,False,False,False,False,True,False,0.01,0,0,Faible
18,84.95,1443.65,74,3878,False,True,False,False,True,False,False,True,False,False,False,False,False,False,True,False,False,False,False,False,True,False,False,True,False,True,False,False,0.055,0,0,Faible
1,21.0,21.0,90,3753,False,False,True,False,True,False,False,False,True,True,False,True,False,True,False,True,False,True,False,True,False,False,False,True,False,True,False,True,0.94,1,1,Élevé
18,74.15,1345.75,73,5033,False,False,False,False,True,False,True,True,False,False,False,False,False,False,False,False,False,False,False,False,False,False,False,True,False,True,False,False,0.03,0,0,Faible
25,99.3,2513.5,23,3847,True,False,False,False,True,False,False,True,False,False,False,False,False,False,True,False,True,False,True,False,True,False,True,False,False,False,False,False,0.0,0,0,Faible
13,74.65,966.25,40,4172,False,False,False,False,True,False,False,True,False,False,False,False,True,False,False,False,False,False,False,False,False,True,False,True,False,False,True,False,0.02,0,0,Faible
5,85.3,424.15,81,2264,True,False,False,False,True,False,True,True,False,False,False,False,True,False,True,False,False,False,False,False,False,False,False,True,False,True,False,True,1.0,1,1,Élevé
2,80.55,184.1,69,2856,False,False,False,False,True,False,False,True,False,False,False,False,False,False,False,False,False,False,False,False,True,False,False,False,False,True,False,True,0.96,1,1,Élevé
47,40.3,1794.8,29,5040,True,False,True,True,False,True,False,False,False,False,True,False,False,False,True,False,True,False,False,False,False,True,False,False,False,True,False,False,0.015,0,0,Faible
72,19.55,1463.45,68,4424,False,False,True,True,True,False,False,False,True,True,False,True,False,True,False,True,False,True,False,True,False,False,True,False,False,False,False,False,0.0,0,0,Faible
33,19.45,600.25,66,3470,True,False,True,True,True,False,False,False,True,True,False,True,False,True,False,True,False,True,False,True,False,True,False,True,False,False,False,False,0.0,0,0,Faible
35,20.1,644.5,72,3726,False,False,False,True,True,False,False,False,True,True,False,True,False,True,False,True,False,True,False,True,False,True,False,True,True,False,False,False,0.005,0,0,Faible
48,73.85,3581.4,29,4740,False,False,False,False,True,False,True,False,False,False,False,False,True,False,True,False,True,False,True,False,False,True,False,True,False,False,False,False,0.005,0,0,Faible
4,69.35,261.65,26,4140,True,True,False,False,True,False,False,True,False,False,False,False,False,False,False,False,False,False,False,False,False,False,False,False,False,True,False,False,0.01,0,0,Faible
29,45.9,1332.4,37,5074,True,False,True,False,False,True,False,False,False,False,False,False,False,False,False,False,False,False,True,False,True,False,False,True,False,True,False,False,0.005,0,0,Faible
34,100.05,3480.0,72,2568,True,False,True,False,True,False,True,True,False,False,False,False,False,False,True,False,False,False,True,False,True,False,False,True,False,True,False,True,0.99,1,1,Élevé
69,39.1,2779.5,53,5987,True,False,True,True,False,True,False,False,False,False,True,False,False,False,True,False,True,False,False,False,False,False,True,False,False,False,True,False,0.005,0,0,Faible
25,54.2,1423.15,24,4458,False,False,False,False,False,True,False,False,False,False,False,False,False,False,True,False,True,False,True,False,True,True,False,False,False,True,False,False,0.0,0,0,Faible
72,86.4,6058.95,27,6114,False,False,True,False,True,False,True,False,False,False,True,False,True,False,False,False,True,False,True,False,True,False,True,True,False,False,False,False,0.005,0,0,Faible
33,20.1,670.35,25,3700,False,False,True,True,True,False,False,False,True,True,False,True,False,True,False,True,False,True,False,True,False,False,True,False,False,False,True,False,0.0,0,0,Faible
68,85.5,5696.6,48,4380,True,False,True,True,True,False,True,True,False,False,True,False,True,False,False,False,False,False,False,False,False,True,False,True,False,False,False,False,0.0,0,0,Faible
44,19.55,819.95,40,5860,True,False,False,True,True,False,False,False,True,True,False,True,False,True,False,True,False,True,False,True,False,False,True,False,False,False,False,False,0.0,0,0,Faible
50,19.4,1023.95,41,6233,False,False,False,False,True,False,False,False,True,True,False,True,False,True,False,True,False,True,False,True,False,False,True,False,True,False,False,False,0.015,0,0,Faible
24,24.2,609.05,46,5865,True,False,True,True,True,False,True,False,True,True,False,True,False,True,False,True,False,True,False,True,False,False,True,False,False,False,True,False,0.0,0,0,Faible
22,57.95,1271.8,41,5036,True,False,True,True,True,False,False,False,False,False,True,False,True,False,False,False,True,False,False,False,False,False,False,True,False,False,True,False,0.005,0,0,Faible
72,107.7,7919.8,55,4351,True,False,True,True,True,False,True,True,False,False,True,False,True,False,False,False,True,False,True,False,True,False,True,True,True,False,False,False,0.005,0,0,Faible
2,74.9,136.05,62,2044,False,False,False,False,True,False,True,True,False,False,False,False,False,False,False,False,False,False,False,False,False,False,False,True,False,False,True,False,0.03,0,0,Faible
49,74.45,3721.9,60,4517,False,False,False,False,True,False,False,False,False,False,False,False,False,False,True,False,True,False,True,False,True,False,True,True,False,False,False,False,0.0,0,0,Faible
55,94.75,5276.1,63,6021,False,False,True,False,True,False,False,True,False,False,True,False,False,False,False,False,False,False,True,False,True,True,False,True,False,True,False,False,0.0,0,0,Faible
2,94.2,193.8,79,5299,False,False,False,False,True,False,True,True,False,False,False,False,False,False,False,False,False,False,True,False,True,False,False,True,False,False,False,True,0.99,1,1,Élevé
2,67.75,116.65,71,2299,True,False,False,False,True,False,False,True,False,False,False,False,False,False,False,False,False,False,False,False,False,False,False,True,False,True,False,True,0.975,1,1,Élevé
4,49.35,219.65,83,5858,True,False,False,True,True,False,False,False,False,False,True,False,False,False,False,False,False,False,False,False,False,False,False,False,False,True,False,True,0.96,1,1,Élevé
3,40.15,130.75,75,4710,True,False,False,False,False,True,False,False,False,False,False,False,False,False,True,False,False,False,True,False,False,False,False,True,False,False,True,True,0.955,1,1,Élevé
3,31.0,95.05,67,5122,False,False,True,True,False,True,False,False,False,False,False,False,False,False,False,False,True,False,False,False,False,False,False,True,False,False,True,True,0.83,1,1,Élevé
34,75.55,2425.4,22,5381,True,True,True,False,True,False,True,True,False,False,False,False,False,False,False,False,False,False,False,False,False,False,False,True,False,True,False,False,0.01,0,0,Faible
49,97.95,4917.9,53,4301,True,False,True,True,True,False,True,True,False,False,False,False,False,False,False,False,True,False,True,False,True,True,False,True,False,True,False,False,0.02,0,0,Faible
11,74.35,834.2,80,5075,True,False,True,False,True,False,True,True,False,False,False,False,False,False,False,False,False,False,False,False,False,False,False,True,False,True,False,True,0.97,1,1,Élevé
70,104.45,7349.35,27,5004,False,True,True,False,True,False,True,True,False,False,False,False,True,False,False,False,True,False,True,False,True,False,True,True,False,False,False,False,0.015,0,0,Faible
8,51.3,411.6,66,2545,True,False,True,True,True,False,False,False,False,False,True,False,False,False,False,False,False,False,False,False,False,False,False,True,True,False,False,False,0.035,0,0,Faible
12,20.05,265.45,56,4996,True,False,False,False,True,False,False,False,True,True,False,True,False,True,False,True,False,True,False,True,False,False,False,False,True,False,False,False,0.0,0,0,Faible
35,100.5,3653.35,81,4745,False,True,True,False,True,False,True,True,False,False,True,False,True,False,False,False,True,False,True,False,False,False,False,True,False,False,False,True,0.96,1,1,Élevé
48,108.1,5067.45,76,5994,True,False,False,False,True,False,True,True,False,False,False,False,True,False,True,False,False,False,True,False,True,False,True,True,False,False,False,False,0.04,0,0,Faible
12,50.25,593.75,67,3624,True,False,False,False,True,False,False,False,False,False,False,False,False,False,False,False,True,False,False,False,False,False,False,False,False,False,False,True,0.905,1,1,Élevé
11,84.8,888.75,60,4924,True,False,False,False,True,False,False,True,False,False,False,False,False,False,True,False,False,False,False,False,True,False,False,False,False,True,False,False,0.015,0,0,Faible
1,70.0,70.0,85,2485,True,False,True,False,True,False,False,True,False,False,False,False,False,False,False,False,False,False,False,False,False,False,False,True,False,True,False,True,0.99,1,1,Élevé
31,65.25,1994.3,68,4403,False,False,False,False,True,False,True,False,False,False,True,False,False,False,True,False,True,False,False,False,False,False,False,False,True,False,False,True,0.855,1,1,Élevé
3,100.95,329.95,81,5351,True,False,False,False,True,False,True,True,False,False,False,False,False,False,True,False,False,False,True,False,True,False,False,True,False,True,False,True,1.0,1,1,Élevé
40,99.2,4062.2,69,5098,False,True,True,False,True,False,False,True,False,False,False,False,True,False,False,False,True,False,True,False,True,True,False,True,True,False,False,True,0.85,1,1,Élevé
66,67.45,4508.65,26,4172,False,False,True,True,True,False,True,False,False,False,True,False,True,False,True,False,False,False,False,False,False,False,False,True,False,False,False,False,0.005,0,0,Faible
40,105.95,4335.2,31,3784,False,False,False,False,True,False,True,True,False,False,False,False,False,False,True,False,True,False,True,False,True,True,False,True,True,False,False,False,0.02,0,0,Faible
19,39.7,710.05,65,4034,False,False,False,False,False,True,False,False,False,False,False,False,True,False,False,False,False,False,False,False,True,False,False,True,False,True,False,False,0.04,0,0,Faible
1,20.7,20.7,68,3061,False,False,False,False,True,False,False,False,True,True,False,True,False,True,False,True,False,True,False,True,False,False,False,False,False,True,False,False,0.065,0,0,Faible
60,110.6,6586.85,22,5756,True,False,True,True,True,False,True,True,False,False,True,False,False,False,True,False,True,False,True,False,True,False,True,True,False,True,False,False,0.005,0,0,Faible
42,19.35,867.3,21,3433,True,False,True,True,True,False,False,False,True,True,False,True,False,True,False,True,False,True,False,True,False,False,True,False,False,False,True,False,0.0,0,0,Faible
64,66.15,4392.5,25,4703,True,False,True,False,True,False,True,False,False,False,True,False,False,False,False,False,False,False,True,False,False,True,False,True,True,False,False,False,0.0,0,0,Faible
70,89.75,6367.2,78,5150,False,False,False,False,True,False,True,False,False,False,True,False,True,False,True,False,True,False,True,False,True,False,True,False,True,False,False,False,0.005,0,0,Faible
42,85.9,3729.75,25,2219,False,False,True,False,True,False,True,True,False,False,False,False,False,False,True,False,True,False,False,False,False,False,False,True,True,False,False,False,0.005,0,0,Faible
14,19.35,324.8,39,2400,True,False,False,False,True,False,False,False,True,True,False,True,False,True,False,True,False,True,False,True,False,True,False,False,False,False,True,False,0.0,0,0,Faible
61,59.8,3641.5,53,5381,False,False,True,True,True,False,True,False,False,False,True,False,True,False,False,False,False,False,False,False,False,False,False,False,False,True,False,False,0.0,0,0,Faible
35,89.2,3251.3,39,4446,True,False,False,False,True,False,False,True,False,False,True,False,False,False,False,False,True,False,False,False,True,True,False,True,False,True,False,False,0.01,0,0,Faible
1,50.45,50.45,69,2806,False,False,False,False,True,False,False,False,False,False,False,False,False,False,True,False,False,False,False,False,False,False,False,True,False,False,True,True,0.985,1,1,Élevé
33,83.85,2716.3,79,2583,True,True,False,False,True,False,True,True,False,False,False,False,True,False,True,False,False,False,False,False,False,False,False,True,True,False,False,True,0.93,1,1,Élevé
64,20.05,1198.05,44,4309,True,True,False,False,True,False,False,False,True,True,False,True,False,True,False,True,False,True,False,True,False,False,True,True,False,False,False,False,0.0,0,0,Faible
6,20.0,109.2,53,3142,False,False,False,False,True,False,False,False,True,True,False,True,False,True,False,True,False,True,False,True,False,False,False,False,False,False,True,False,0.0,0,0,Faible
65,103.9,6767.1,75,5669,False,True,True,True,True,False,True,True,False,False,False,False,False,False,True,False,True,False,True,False,True,True,False,True,False,False,False,False,0.025,0,0,Faible
25,69.3,1813.1,50,4442,False,True,True,False,True,False,False,True,False,False,False,False,False,False,False,False,False,False,False,False,False,False,False,True,False,True,False,False,0.01,0,0,Faible
71,89.9,6457.15,57,4444,True,False,True,True,True,False,True,False,False,False,True,False,True,False,True,False,True,False,True,False,True,False,True,False,True,False,False,False,0.0,0,0,Faible
34,106.35,3549.25,65,2941,True,False,False,True,True,False,True,True,False,False,False,False,True,False,True,False,False,False,True,False,True,False,False,True,False,True,False,True,0.81,1,1,Élevé
4,72.2,305.55,89,5668,True,False,False,False,True,False,True,True,False,False,False,False,False,False,False,False,False,False,False,False,False,False,False,True,False,False,False,True,0.99,1,1,Élevé
11,19.7,216.2,67,3838,False,False,False,True,True,False,False,False,True,True,False,True,False,True,False,True,False,True,False,True,False,False,False,False,True,False,False,False,0.015,0,0,Faible
53,20.2,1068.15,22,6050,True,False,True,True,True,False,False,False,True,True,False,True,False,True,False,True,False,True,False,True,False,True,False,False,True,False,False,False,0.0,0,0,Faible
21,95.4,2025.1,47,5691,False,True,False,False,True,False,True,True,False,False,False,False,False,False,False,False,False,False,True,False,True,False,False,True,False,False,False,False,0.005,0,0,Faible
57,100.6,5746.15,74,5247,True,True,True,False,True,False,True,True,False,False,False,False,False,False,True,False,False,False,True,False,True,False,False,False,False,True,False,True,0.94,1,1,Élevé
4,80.3,324.2,70,3132,False,False,False,False,True,False,True,True,False,False,False,False,True,False,False,False,False,False,False,False,False,False,False,True,False,False,True,False,0.105,0,0,Faible
7,43.9,278.4,75,3565,True,False,False,False,True,False,False,False,False,False,False,False,False,False,False,False,False,False,False,False,False,False,False,False,False,False,True,False,0.075,0,0,Faible
41,70.2,2894.55,56,5365,True,False,False,True,True,False,False,False,False,False,True,False,True,False,True,False,False,False,True,False,False,True,False,False,False,False,True,False,0.0,0,0,Faible
25,95.9,2448.75,68,2241,True,False,False,False,True,False,False,True,False,False,False,False,True,False,False,False,False,False,True,False,True,False,False,True,False,True,False,True,0.935,1,1,Élevé
1,52.2,52.2,71,4138,False,False,False,False,True,False,False,False,False,False,False,False,False,False,False,False,True,False,False,False,False,False,False,True,False,True,False,True,0.99,1,1,Élevé
29,20.0,540.05,34,3800,False,False,True,False,True,False,False,False,True,True,False,True,False,True,False,True,False,True,False,True,False,True,False,False,False,True,False,False,0.0,0,0,Faible
64,90.25,5629.15,53,4799,True,False,True,True,True,False,True,True,False,False,False,False,False,False,True,False,False,False,False,False,True,True,False,False,True,False,False,False,0.005,0,0,Faible
44,65.4,2774.55,76,5827,True,False,False,False,True,False,False,False,False,False,True,False,False,False,False,False,True,False,True,False,False,True,False,False,False,True,False,False,0.035,0,0,Faible
1,45.15,45.15,48,4131,False,False,False,False,True,False,False,False,False,False,False,False,False,False,False,False,False,False,False,False,False,False,False,False,False,False,True,False,0.01,0,0,Faible
71,109.3,7782.85,61,5737,True,False,True,True,True,False,False,True,False,False,True,False,True,False,True,False,True,False,True,False,True,False,True,False,True,False,False,False,0.0,0,0,Faible
70,84.7,5991.05,45,4180,False,False,False,False,True,False,True,False,False,False,True,False,True,False,True,False,False,False,True,False,True,False,True,False,False,False,True,False,0.0,0,0,Faible
2,20.35,35.1,40,3746,False,False,False,False,True,False,False,False,True,True,False,True,False,True,False,True,False,True,False,True,False,False,False,False,True,False,False,False,0.02,0,0,Faible
3,83.75,247.25,65,4852,False,False,False,False,True,False,False,True,False,False,False,False,True,False,False,False,False,False,True,False,False,False,False,False,False,True,False,True,0.935,1,1,Élevé
6,19.7,113.5,43,4293,False,False,True,True,True,False,False,False,True,True,False,True,False,True,False,True,False,True,False,True,False,False,False,False,False,False,True,False,0.0,0,0,Faible
19,100.95,1875.55,73,4072,True,False,True,False,True,False,True,True,False,False,False,False,False,False,False,False,True,False,True,False,True,True,False,True,False,True,False,True,0.96,1,1,Élevé
6,94.05,518.75,59,3083,False,False,True,True,True,False,True,True,False,False,False,False,True,False,True,False,False,False,True,False,False,False,False,True,False,False,True,False,0.045,0,0,Faible
49,20.7,1032.05,50,4074,False,False,True,False,True,False,False,False,True,True,False,True,False,True,False,True,False,True,False,True,False,True,False,False,True,False,False,False,0.005,0,0,Faible
39,100.0,3835.55,64,5434,True,False,True,True,True,False,True,True,False,False,False,False,False,False,True,False,False,False,True,False,True,True,False,False,False,True,False,False,0.0,0,0,Faible
61,100.7,6018.65,57,4804,False,False,True,True,True,False,True,True,False,False,True,False,True,False,True,False,False,False,False,False,True,True,False,True,True,False,False,False,0.0,0,0,Faible
1,24.4,24.4,61,5092,False,False,False,False,False,True,False,False,False,False,False,False,False,False,False,False,False,False,False,False,False,False,False,False,False,False,True,False,0.01,0,0,Faible
5,19.95,109.6,67,5252,False,False,False,False,True,False,False,False,True,True,False,True,False,True,False,True,False,True,False,True,False,False,False,False,False,False,True,False,0.01,0,0,Faible
3,35.1,101.1,35,3610,True,False,True,False,False,True,False,False,False,False,True,False,False,False,False,False,True,False,False,False,False,False,False,False,False,False,True,False,0.025,0,0,Faible
67,20.5,1430.95,45,4416,True,False,False,False,True,False,False,False,True,True,False,True,False,True,False,True,False,True,False,True,False,False,True,False,False,False,False,False,0.0,0,0,Faible
69,74.1,5031.0,34,4204,True,True,False,False,True,False,True,False,False,False,True,False,False,False,True,False,True,False,False,False,True,False,True,False,True,False,False,False,0.005,0,0,Faible
19,56.2,1093.4,38,3384,False,False,False,False,True,False,False,False,False,False,False,False,False,False,False,False,False,False,False,False,True,False,False,True,False,True,False,False,0.005,0,0,Faible
62,110.8,6840.95,49,4306,False,False,True,True,True,False,True,True,False,False,False,False,True,False,True,False,True,False,True,False,True,True,False,True,False,True,False,False,0.005,0,0,Faible
4,29.9,118.25,46,2914,True,True,True,False,False,True,False,False,False,False,False,False,False,False,True,False,False,False,False,False,False,False,False,True,False,True,False,False,0.01,0,0,Faible
15,83.2,1130.0,36,4096,False,False,False,False,True,False,False,True,False,False,False,False,True,False,False,False,False,False,True,False,False,False,False,True,False,False,False,False,0.0,0,0,Faible
52,93.25,4631.7,56,4740,True,False,True,True,True,False,True,True,False,False,False,False,True,False,False,False,True,False,False,False,True,False,False,True,False,False,False,False,0.0,0,0,Faible
1,20.25,20.25,89,2959,True,False,False,False,True,False,False,False,True,True,False,True,False,True,False,True,False,True,False,True,False,False,False,False,False,False,True,True,0.98,1,1,Élevé
1,45.2,45.2,44,4576,True,True,False,False,True,False,False,False,False,False,False,False,False,False,False,False,False,False,False,False,False,False,False,False,False,True,False,False,0.03,0,0,Faible
68,38.9,2719.2,45,5278,False,False,False,False,False,True,False,False,False,False,True,False,False,False,True,False,True,False,False,False,False,False,True,False,False,False,True,False,0.005,0,0,Faible
2,19.85,35.9,68,2362,True,False,True,False,True,False,False,False,True,True,False,True,False,True,False,True,False,True,False,True,False,True,False,False,False,False,True,True,0.75,1,1,Élevé
71,99.0,6994.6,31,5295,True,False,True,False,True,False,True,True,False,False,True,False,True,False,True,False,False,False,True,False,False,False,True,True,False,True,False,False,0.0,0,0,Faible
23,19.5,470.2,42,5652,False,False,False,False,True,False,False,False,True,True,False,True,False,True,False,True,False,True,False,True,False,False,False,True,False,False,True,False,0.0,0,0,Faible
59,25.45,1534.05,30,4746,False,False,True,True,True,False,True,False,True,True,False,True,False,True,False,True,False,True,False,True,False,False,True,False,False,False,True,False,0.0,0,0,Faible
12,20.1,223.6,32,5179,False,False,False,False,True,False,False,False,True,True,False,True,False,True,False,True,False,True,False,True,False,False,False,False,False,False,True,False,0.0,0,0,Faible
51,93.5,4619.55,68,5561,False,False,True,False,True,False,False,True,False,False,True,False,True,False,True,False,False,False,True,False,False,True,False,True,False,True,False,False,0.02,0,0,Faible
55,59.2,3175.85,33,5162,True,False,False,False,True,False,False,False,False,False,True,False,False,False,True,False,True,False,False,False,False,False,True,True,False,True,False,False,0.01,0,0,Faible
60,104.35,6339.45,73,4040,True,True,True,False,True,False,True,True,False,False,False,False,True,False,True,False,False,False,True,False,True,True,False,True,False,True,False,False,0.04,0,0,Faible
5,46.0,221.7,85,4846,False,False,False,True,True,False,False,False,False,False,False,False,False,False,False,False,False,False,False,False,False,False,False,False,False,False,True,True,0.945,1,1,Élevé
23,90.0,2024.1,50,4999,True,True,True,False,True,False,False,True,False,False,True,False,True,False,False,False,False,False,False,False,True,False,False,True,False,True,False,False,0.01,0,0,Faible
13,25.15,331.85,53,4943,True,False,False,False,False,True,False,False,False,False,False,False,False,False,False,False,False,False,False,False,False,False,False,True,False,False,False,False,0.005,0,0,Faible
66,80.55,5265.1,94,4400,False,True,True,False,True,False,True,False,False,False,False,False,True,False,True,False,False,False,True,False,True,False,True,True,False,False,False,True,0.925,1,1,Élevé
49,52.15,2583.75,40,5224,False,False,True,False,True,False,True,False,False,False,False,False,False,False,False,False,False,False,False,False,False,False,False,True,True,False,False,False,0.0,0,0,Faible
1,19.8,19.8,96,5600,True,False,False,False,True,False,False,False,True,True,False,True,False,True,False,True,False,True,False,True,False,False,False,False,False,False,True,True,0.995,1,1,Élevé
3,69.55,222.3,87,2876,False,False,False,False,True,False,False,True,False,False,False,False,False,False,False,False,False,False,False,False,False,False,False,True,False,False,False,True,0.985,1,1,Élevé
46,19.75,856.5,56,2610,True,False,True,True,True,False,False,False,True,True,False,True,False,True,False,True,False,True,False,True,False,False,True,False,True,False,False,False,0.0,0,0,Faible
42,84.35,3571.6,59,3363,False,False,True,False,True,False,True,False,False,False,True,False,False,False,True,False,True,False,True,False,True,False,True,False,True,False,False,False,0.005,0,0,Faible
14,105.95,1348.9,84,5887,False,False,True,False,True,False,False,True,False,False,True,False,True,False,False,False,True,False,True,False,True,True,False,False,False,False,True,True,0.965,1,1,Élevé
59,19.85,1188.25,59,6144,True,False,True,True,True,False,False,False,True,True,False,True,False,True,False,True,False,True,False,True,False,False,True,False,False,False,True,False,0.0,0,0,Faible
23,74.95,1710.45,89,5897,True,False,False,False,True,False,True,True,False,False,False,False,False,False,False,False,False,False,False,False,False,False,False,True,False,True,False,True,0.985,1,1,Élevé
8,20.85,161.65,23,4249,False,False,False,False,True,False,False,False,True,True,False,True,False,True,False,True,False,True,False,True,False,False,True,False,False,False,True,False,0.005,0,0,Faible
22,67.5,1544.05,76,3378,True,False,True,False,True,False,False,False,False,False,True,False,False,False,True,False,True,False,True,False,False,True,False,True,False,False,False,True,0.825,1,1,Élevé
8,19.35,152.6,58,5416,True,False,True,True,True,False,False,False,True,True,False,True,False,True,False,True,False,True,False,True,False,False,False,True,False,False,True,False,0.0,0,0,Faible
3,96.6,291.9,72,3260,False,False,False,False,True,False,True,True,False,False,False,False,False,False,False,False,False,False,True,False,True,False,False,True,False,True,False,True,1.0,1,1,Élevé
66,20.35,1359.5,22,4845,True,False,True,False,True,False,False,False,True,True,False,True,False,True,False,True,False,True,False,True,False,True,False,True,False,True,False,False,0.0,0,0,Faible
72,60.95,4549.05,21,4147,True,False,True,False,False,True,False,False,False,False,True,False,False,False,True,False,True,False,True,False,True,False,True,False,False,False,False,False,0.0,0,0,Faible
1,25.35,25.35,51,4193,True,False,False,False,False,True,False,False,False,False,False,False,False,False,False,False,False,False,False,False,False,False,False,False,False,False,True,False,0.005,0,0,Faible
1,88.35,88.35,72,4254,True,False,False,False,True,False,False,True,False,False,False,False,False,False,False,False,False,False,True,False,True,False,False,True,False,True,False,True,1.0,1,1,Élevé
6,19.85,119.3,31,5060,False,False,True,True,True,False,False,False,True,True,False,True,False,True,False,True,False,True,False,True,False,False,False,False,False,False,True,False,0.005,0,0,Faible
66,19.35,1240.8,23,5637,True,False,False,False,True,False,False,False,True,True,False,True,False,True,False,True,False,True,False,True,False,False,True,False,False,False,False,False,0.005,0,0,Faible
37,79.25,2911.8,74,2322,True,False,True,False,True,False,True,False,False,False,True,False,False,False,True,False,False,False,True,False,True,True,False,False,False,False,True,False,0.005,0,0,Faible
1,50.05,50.05,61,5523,True,False,False,True,True,False,True,False,False,False,False,False,False,False,False,False,False,False,False,False,False,False,False,True,False,True,False,False,0.02,0,0,Faible
16,72.65,1194.3,73,2850,False,False,False,False,True,False,True,True,False,False,False,False,False,False,False,False,False,False,False,False,False,False,False,False,False,True,False,True,0.94,1,1,Élevé
35,69.15,2490.15,61,3945,True,False,True,False,True,False,True,False,False,False,True,False,True,False,True,False,True,False,False,False,False,False,True,True,True,False,False,False,0.0,0,0,Faible
66,66.9,4370.25,61,5546,False,False,True,False,True,False,True,False,False,False,True,False,True,False,True,False,False,False,False,False,False,False,True,False,False,False,False,False,0.0,0,0,Faible
69,105.4,6998.95,45,5467,False,True,True,False,True,False,True,True,False,False,False,False,True,False,False,False,True,False,True,False,True,False,True,False,True,False,False,False,0.01,0,0,Faible
1,19.45,19.45,64,5820,True,False,False,False,True,False,False,False,True,True,False,True,False,True,False,True,False,True,False,True,False,False,False,False,False,True,False,False,0.05,0,0,Faible
2,70.75,154.85,96,4407,False,True,False,False,True,False,False,True,False,False,False,False,False,False,False,False,False,False,False,False,False,False,False,False,False,True,False,True,0.985,1,1,Élevé
53,106.95,5785.5,90,5550,False,False,False,False,True,False,True,True,False,False,True,False,False,False,True,False,False,False,True,False,True,True,False,True,True,False,False,True,0.975,1,1,Élevé
27,50.35,1411.35,77,5578,True,False,False,False,True,False,False,False,False,False,True,False,False,False,False,False,False,False,False,False,False,False,False,False,False,False,True,False,0.005,0,0,Faible
64,108.95,7111.3,26,5780,False,True,False,False,True,False,True,True,False,False,True,False,False,False,True,False,True,False,True,False,True,False,False,True,False,False,False,False,0.005,0,0,Faible
71,25.95,1801.9,23,5072,False,False,True,False,True,False,True,False,True,True,False,True,False,True,False,True,False,True,False,True,False,False,True,True,True,False,False,False,0.0,0,0,Faible
51,95.15,5000.05,21,6492,False,False,True,True,True,False,True,True,False,False,True,False,False,False,False,False,True,False,True,False,False,True,False,True,False,False,True,False,0.01,0,0,Faible
36,87.55,3078.1,92,2558,False,False,False,False,True,False,False,True,False,False,False,False,False,False,True,False,True,False,False,False,True,False,False,True,False,True,False,True,0.98,1,1,Élevé
54,69.9,3883.3,65,6092,True,False,False,False,True,False,False,False,False,False,True,False,True,False,False,False,True,False,True,False,False,False,False,True,False,False,True,False,0.015,0,0,Faible
52,25.05,1270.25,42,5674,False,False,True,False,True,False,True,False,True,True,False,True,False,True,False,True,False,True,False,True,False,False,True,True,False,False,False,False,0.005,0,0,Faible
1,49.95,49.95,32,5230,False,False,False,False,True,False,False,False,False,False,False,False,True,False,False,False,False,False,False,False,False,False,False,False,False,True,False,False,0.0,0,0,Faible
7,48.8,349.8,51,4785,False,False,True,True,True,False,True,False,False,False,False,False,False,False,False,False,False,False,False,False,False,False,False,False,False,True,False,False,0.005,0,0,Faible
28,106.1,2847.4,85,3770,True,False,True,False,True,False,True,True,False,False,True,False,True,False,False,False,False,False,True,False,True,True,False,False,False,True,False,True,0.97,1,1,Élevé
61,79.8,4914.8,24,6432,True,False,True,False,True,False,True,False,False,False,False,False,True,False,True,False,False,False,True,False,True,True,False,True,False,True,False,False,0.01,0,0,Faible
72,24.25,1784.5,26,5897,False,False,True,True,True,False,True,False,True,True,False,True,False,True,False,True,False,True,False,True,False,False,True,False,True,False,False,False,0.0,0,0,Faible
10,20.1,184.4,77,3509,False,False,True,False,True,False,False,False,True,True,False,True,False,True,False,True,False,True,False,True,False,True,False,False,False,False,True,False,0.035,0,0,Faible
3,69.15,235.0,22,2301,False,False,True,True,True,False,True,False,False,False,False,False,True,False,True,False,False,False,True,False,False,False,False,True,False,False,False,False,0.04,0,0,Faible
45,54.15,2319.8,92,2761,False,False,True,False,True,False,False,False,False,False,False,False,True,False,False,False,True,False,False,False,False,True,False,True,True,False,False,True,0.98,1,1,Élevé
18,24.65,471.35,78,5231,False,False,True,True,True,False,True,False,True,True,False,True,False,True,False,True,False,True,False,True,False,False,True,True,True,False,False,False,0.01,0,0,Faible
49,49.8,2398.4,37,4306,True,True,True,False,True,False,False,False,False,False,False,False,True,False,False,False,False,False,False,False,False,False,True,False,False,False,True,False,0.0,0,0,Faible
68,101.35,7110.75,60,4941,True,False,False,False,True,False,True,True,False,False,True,False,True,False,True,False,False,False,True,False,False,True,False,False,False,False,False,False,0.005,0,0,Faible
35,110.8,3836.3,35,2125,False,True,False,False,True,False,True,True,False,False,True,False,True,False,True,False,True,False,True,False,True,True,False,True,False,False,False,False,0.01,0,0,Faible
1,24.6,24.6,76,5768,False,False,False,False,False,True,False,False,False,False,False,False,False,False,False,False,False,False,False,False,False,False,False,False,False,True,False,True,0.96,1,1,Élevé
64,74.35,4759.55,80,4781,False,False,True,False,True,False,False,False,False,False,True,False,True,False,True,False,True,False,False,False,True,False,True,True,False,False,True,False,0.01,0,0,Faible
72,88.7,6501.35,46,4641,True,False,True,True,True,False,True,False,False,False,True,False,True,False,True,False,True,False,True,False,True,False,True,False,True,False,False,False,0.0,0,0,Faible
39,81.4,3213.75,22,4104,True,False,False,False,True,False,True,True,False,False,False,False,True,False,False,False,False,False,False,False,False,True,False,False,True,False,False,False,0.005,0,0,Faible
37,100.05,3810.55,52,2904,False,False,False,False,True,False,True,True,False,False,False,False,False,False,True,False,False,False,True,False,True,False,False,True,False,True,False,False,0.0,0,0,Faible
51,24.95,1222.25,37,5461,True,False,True,True,True,False,True,False,True,True,False,True,False,True,False,True,False,True,False,True,False,False,True,True,False,False,True,False,0.005,0,0,Faible
71,72.9,5139.65,54,6404,True,True,True,True,True,False,True,False,False,False,False,False,True,False,True,False,True,False,False,False,True,True,False,True,False,False,False,False,0.0,0,0,Faible
69,99.35,6856.45,73,4637,True,False,True,True,True,False,True,True,False,False,False,False,False,False,False,False,True,False,True,False,True,False,True,True,False,True,False,False,0.01,0,0,Faible
33,74.75,2453.3,26,5344,True,False,True,False,True,False,False,False,False,False,True,False,False,False,True,False,False,False,True,False,True,True,False,False,True,False,False,False,0.0,0,0,Faible
1,55.55,55.55,35,2207,True,False,False,False,True,False,False,False,False,False,False,False,False,False,False,False,False,False,False,False,True,False,False,False,False,False,True,False,0.01,0,0,Faible
1,59.85,59.85,71,4017,True,False,False,False,True,False,True,False,False,False,False,False,False,False,False,False,False,False,True,False,False,False,False,True,False,True,False,True,0.965,1,1,Élevé
20,108.2,2203.7,67,2102,True,False,False,False,True,False,False,True,False,False,True,False,True,False,True,False,True,False,True,False,True,False,False,True,False,False,False,False,0.055,0,0,Faible
3,74.4,215.8,97,2054,False,False,False,False,True,False,True,True,False,False,False,False,False,False,False,False,False,False,False,False,False,False,False,False,False,False,False,True,0.995,1,1,Élevé
21,53.15,1183.2,29,3461,False,False,False,True,False,True,False,False,False,False,True,False,True,False,True,False,True,False,True,False,False,False,True,False,False,False,True,False,0.0,0,0,Faible
72,115.15,8349.45,26,5398,True,False,True,False,True,False,True,True,False,False,True,False,True,False,True,False,True,False,True,False,True,False,True,False,False,False,False,False,0.0,0,0,Faible
3,89.45,240.45,84,3591,False,False,False,False,True,False,False,True,False,False,False,False,False,False,False,False,False,False,True,False,True,False,False,True,False,True,False,True,0.995,1,1,Élevé
5,63.95,318.1,42,3099,True,False,False,False,True,False,False,False,False,False,False,False,False,False,True,False,True,False,True,False,False,False,False,True,True,False,False,False,0.01,0,0,Faible
53,62.85,3419.5,24,6281,True,False,False,True,True,False,False,False,False,False,True,False,True,False,False,False,True,False,False,False,False,True,False,False,True,False,False,False,0.0,0,0,Faible
7,98.05,713.0,86,2561,True,False,False,False,True,False,True,True,False,False,False,False,False,False,True,False,False,False,True,False,True,False,False,True,False,False,False,True,0.985,1,1,Élevé
43,50.2,2169.4,49,5284,False,False,True,True,True,False,False,False,False,False,False,False,True,False,False,False,False,False,False,False,False,False,False,False,False,False,True,False,0.005,0,0,Faible
1,19.9,19.9,52,4590,True,False,False,False,True,False,False,False,True,True,False,True,False,True,False,True,False,True,False,True,False,False,False,True,False,False,True,False,0.005,0,0,Faible
29,60.2,1834.15,76,5517,True,False,True,True,True,False,False,False,False,False,True,False,False,False,False,False,False,False,False,False,True,False,False,True,False,False,True,False,0.01,0,0,Faible
29,19.8,572.2,69,5696,True,False,False,False,True,False,False,False,True,True,False,True,False,True,False,True,False,True,False,True,False,True,False,True,False,False,True,False,0.005,0,0,Faible
16,19.35,275.9,31,4146,False,False,True,True,True,False,False,False,True,True,False,True,False,True,False,True,False,True,False,True,False,False,False,False,False,False,True,False,0.0,0,0,Faible
38,69.5,2625.25,35,4591,True,False,False,False,True,False,False,True,False,False,False,False,False,False,False,False,False,False,False,False,False,False,False,True,True,False,False,False,0.005,0,0,Faible
37,19.8,677.05,24,5137,True,False,True,True,True,False,False,False,True,True,False,True,False,True,False,True,False,True,False,True,False,True,False,False,True,False,False,False,0.005,0,0,Faible
13,99.0,1301.7,81,3493,True,False,False,False,True,False,True,True,False,False,False,False,False,False,False,False,True,False,True,False,True,False,False,True,False,False,True,True,0.985,1,1,Élevé
5,90.35,434.5,66,4014,True,False,True,True,True,False,False,True,False,False,True,False,False,False,True,False,False,False,False,False,True,False,False,True,False,False,True,False,0.085,0,0,Faible
47,19.3,890.5,43,5829,False,False,True,True,True,False,False,False,True,True,False,True,False,True,False,True,False,True,False,True,False,False,True,False,False,False,False,False,0.0,0,0,Faible
19,20.85,467.5,43,2654,True,False,False,True,True,False,False,False,True,True,False,True,False,True,False,True,False,True,False,True,False,False,True,False,True,False,False,False,0.0,0,0,Faible
12,58.35,740.55,29,5068,False,False,True,True,True,False,False,False,False,False,False,False,False,False,True,False,False,False,True,False,False,False,False,True,True,False,False,False,0.005,0,0,Faible
68,113.15,7856.0,90,4610,True,False,True,False,True,False,True,True,False,False,True,False,True,False,True,False,True,False,True,False,True,False,True,True,False,True,False,True,0.915,1,1,Élevé
58,110.65,6526.65,55,4761,False,False,True,False,True,False,True,True,False,False,True,False,True,False,True,False,False,False,True,False,True,True,False,True,True,False,False,False,0.005,0,0,Faible
66,25.45,1699.15,48,4163,True,False,False,False,True,False,True,False,True,True,False,True,False,True,False,True,False,True,False,True,False,True,False,False,False,False,False,False,0.01,0,0,Faible
32,93.4,2979.3,66,3224,True,False,False,False,True,False,False,True,False,False,True,False,True,False,True,False,False,False,False,False,True,False,False,True,True,False,False,False,0.03,0,0,Faible
68,117.2,8035.95,55,4629,True,False,False,False,True,False,True,True,False,False,True,False,True,False,True,False,True,False,True,False,True,True,False,True,True,False,False,False,0.025,0,0,Faible
6,19.5,146.3,67,5579,False,False,True,False,True,False,False,False,True,True,False,True,False,True,False,True,False,True,False,True,False,False,False,False,False,False,False,True,0.81,1,1,Élevé
1,19.2,19.2,46,3007,True,False,True,True,True,False,False,False,True,True,False,True,False,True,False,True,False,True,False,True,False,False,False,False,False,False,True,False,0.02,0,0,Faible
32,91.05,2871.5,80,2716,True,False,False,False,True,False,False,True,False,False,False,False,False,False,False,False,False,False,True,False,True,False,False,False,False,True,False,False,0.06,0,0,Faible
11,20.9,202.3,63,5359,False,False,True,True,True,False,False,False,True,True,False,True,False,True,False,True,False,True,False,True,False,False,True,False,True,False,False,False,0.0,0,0,Faible
67,36.15,2434.45,39,6314,False,False,True,True,False,True,False,False,False,False,True,False,True,False,False,False,False,False,False,False,False,False,True,False,False,False,False,False,0.0,0,0,Faible
56,76.85,4275.75,66,6035,False,True,True,False,True,False,True,True,False,False,False,False,False,False,False,False,True,False,False,False,False,False,False,True,False,False,False,False,0.045,0,0,Faible
9,94.4,857.25,96,5571,False,False,False,True,True,False,True,True,False,False,False,False,False,False,False,False,False,False,True,False,True,False,False,False,False,True,False,True,0.965,1,1,Élevé
70,76.1,5264.25,67,5115,True,False,True,False,True,False,True,False,False,False,False,False,True,False,True,False,True,False,True,False,False,False,True,False,True,False,False,False,0.0,0,0,Faible
61,24.4,1417.9,23,4900,False,False,True,False,True,False,True,False,True,True,False,True,False,True,False,True,False,True,False,True,False,False,True,False,False,False,True,False,0.0,0,0,Faible
36,84.1,3021.6,79,2987,True,True,True,False,True,False,True,True,False,False,False,False,False,False,False,False,False,False,False,False,True,False,False,True,False,True,False,True,0.95,1,1,Élevé
24,99.65,2404.85,47,5207,True,False,False,False,True,False,True,True,False,False,False,False,True,False,False,False,False,False,True,False,True,False,False,True,False,False,False,False,0.005,0,0,Faible
71,19.7,1301.1,30,4808,True,False,True,True,True,False,False,False,True,True,False,True,False,True,False,True,False,True,False,True,False,False,True,False,True,False,False,False,0.0,0,0,Faible
53,19.55,1007.9,29,4670,False,False,True,True,True,False,False,False,True,True,False,True,False,True,False,True,False,True,False,True,False,True,False,False,False,False,False,False,0.0,0,0,Faible
9,44.4,348.15,31,5457,True,False,False,False,True,False,False,False,False,False,False,False,False,False,False,False,False,False,False,False,False,False,False,True,False,False,True,False,0.0,0,0,Faible
1,44.0,44.0,46,4320,True,True,False,False,True,False,False,False,False,False,False,False,False,False,False,False,False,False,False,False,False,False,False,False,False,True,False,False,0.03,0,0,Faible
6,55.3,324.25,99,3878,True,False,True,True,True,False,False,False,False,False,False,False,True,False,True,False,False,False,False,False,False,False,False,True,False,False,True,True,0.96,1,1,Élevé
2,19.6,35.85,66,2843,False,False,False,True,True,False,False,False,True,True,False,True,False,True,False,True,False,True,False,True,False,False,False,True,False,True,False,True,0.805,1,1,Élevé
36,85.25,3132.75,82,3041,True,True,True,False,True,False,True,True,False,False,False,False,False,False,False,False,False,False,False,False,True,False,False,True,True,False,False,True,1.0,1,1,Élevé
1,20.05,20.05,27,4221,True,False,False,True,True,False,False,False,True,True,False,True,False,True,False,True,False,True,False,True,False,False,False,False,False,False,True,False,0.015,0,0,Faible
34,19.7,675.6,73,4136,True,False,False,False,True,False,False,False,True,True,False,True,False,True,False,True,False,True,False,True,False,False,False,False,False,False,True,False,0.02,0,0,Faible
34,20.35,673.2,68,2864,False,False,False,False,True,False,False,False,True,True,False,True,False,True,False,True,False,True,False,True,False,False,False,False,False,False,True,False,0.01,0,0,Faible
23,25.6,514.75,78,5939,False,False,True,True,True,False,True,False,True,True,False,True,False,True,False,True,False,True,False,True,False,False,True,True,True,False,False,False,0.01,0,0,Faible
15,91.5,1400.3,41,4173,False,True,False,False,True,False,False,True,False,False,False,False,False,False,False,False,False,False,True,False,True,False,False,True,False,True,False,False,0.0,0,0,Faible
47,96.1,4391.45,68,5793,True,False,True,True,True,False,False,True,False,False,True,False,True,False,True,False,False,False,False,False,True,True,False,True,False,True,False,False,0.015,0,0,Faible
61,94.2,5895.45,76,5274,False,True,True,False,True,False,True,True,False,False,True,False,True,False,True,False,True,False,False,False,False,False,False,True,True,False,False,False,0.035,0,0,Faible
1,85.05,85.05,96,2975,False,True,False,False,True,False,True,True,False,False,False,False,False,False,False,False,False,False,False,False,True,False,False,True,False,True,False,True,1.0,1,1,Élevé
63,25.25,1559.3,79,4530,True,False,False,False,True,False,True,False,True,True,False,True,False,True,False,True,False,True,False,True,False,False,True,False,False,False,True,False,0.0,0,0,Faible
3,73.6,232.5,53,5510,True,False,False,False,True,False,False,True,False,False,False,False,False,False,True,False,False,False,False,False,False,False,False,True,True,False,False,False,0.015,0,0,Faible
22,75.0,1573.95,48,4040,True,False,True,True,True,False,False,True,False,False,True,False,False,False,False,False,False,False,False,False,False,False,False,False,False,False,False,False,0.0,0,0,Faible
25,25.5,630.6,65,5230,True,False,True,True,True,False,True,False,True,True,False,True,False,True,False,True,False,True,False,True,False,False,True,False,True,False,False,False,0.0,0,0,Faible
56,75.75,4284.65,56,6487,True,False,False,False,True,False,False,False,False,False,False,False,True,False,False,False,True,False,True,False,True,True,False,True,False,False,False,False,0.025,0,0,Faible
1,35.0,35.0,54,4099,False,False,True,False,False,True,False,False,False,False,False,False,False,False,False,False,False,False,False,False,True,False,False,False,False,True,False,False,0.02,0,0,Faible
2,75.8,160.75,98,5270,False,False,False,False,True,False,False,True,False,False,False,False,False,False,True,False,False,False,False,False,False,False,False,True,False,True,False,True,0.995,1,1,Élevé
3,105.35,323.25,65,3662,True,False,False,False,True,False,True,True,False,False,False,False,True,False,True,False,False,False,True,False,True,False,False,True,False,False,False,True,0.91,1,1,Élevé
72,66.75,4760.3,65,6063,False,False,True,True,True,False,True,False,False,False,True,False,True,False,False,False,True,False,False,False,False,False,True,False,True,False,False,False,0.0,0,0,Faible
13,23.9,300.8,82,2967,False,False,False,False,False,True,False,False,False,False,False,False,False,False,False,False,False,False,False,False,False,False,False,True,False,True,False,True,0.985,1,1,Élevé
35,89.7,3165.6,44,2775,True,False,True,True,True,False,False,True,False,False,False,False,True,False,False,False,True,False,True,False,False,True,False,True,False,True,False,False,0.005,0,0,Faible
45,93.9,4200.25,58,3960,True,True,False,False,True,False,True,True,False,False,False,False,False,False,False,False,False,False,True,False,True,False,False,True,False,False,False,False,0.025,0,0,Faible
1,75.35,75.35,70,3514,True,False,True,False,True,False,False,True,False,False,False,False,False,False,True,False,False,False,False,False,False,False,False,False,True,False,False,False,0.175,0,0,Faible
48,105.25,4997.5,79,4275,False,False,True,True,True,False,True,True,False,False,True,False,True,False,False,False,False,False,True,False,True,False,False,True,True,False,False,False,0.045,0,0,Faible
24,19.7,452.55,42,4642,False,False,True,True,True,False,False,False,True,True,False,True,False,True,False,True,False,True,False,True,False,False,True,False,False,False,True,False,0.0,0,0,Faible
68,95.9,6503.2,68,5080,True,True,False,False,True,False,True,True,False,False,False,False,True,False,True,False,False,False,False,False,True,False,False,True,False,True,False,False,0.02,0,0,Faible
6,80.5,463.05,96,2181,True,False,False,False,True,False,False,True,False,False,False,False,False,False,False,False,False,False,True,False,False,False,False,True,True,False,False,True,0.985,1,1,Élevé
72,114.45,8100.55,32,4700,True,False,True,True,True,False,True,True,False,False,True,False,True,False,True,False,True,False,True,False,True,False,True,False,False,False,False,False,0.0,0,0,Faible
20,24.9,505.95,20,5942,False,False,False,False,False,True,False,False,False,False,False,False,False,False,False,False,False,False,False,False,False,False,False,False,True,False,False,False,0.01,0,0,Faible
24,19.75,483.15,34,3455,True,False,True,False,True,False,False,False,True,True,False,True,False,True,False,True,False,True,False,True,False,False,True,False,False,False,True,False,0.0,0,0,Faible
33,100.0,3320.6,76,4643,False,False,False,False,True,False,True,True,False,False,False,False,True,False,False,False,False,False,True,False,True,False,False,True,False,True,False,False,0.035,0,0,Faible
10,70.3,738.2,94,2162,True,False,True,False,True,False,False,True,False,False,False,False,False,False,False,False,False,False,False,False,False,False,False,True,False,True,False,True,0.995,1,1,Élevé
46,96.05,4399.5,77,2712,False,False,False,False,True,False,True,True,False,False,False,False,False,False,False,False,False,False,True,False,True,False,False,False,False,False,False,True,0.905,1,1,Élevé
72,45.25,3139.8,22,5041,True,False,True,False,False,True,False,False,False,False,True,False,True,False,True,False,True,False,False,False,False,False,True,False,True,False,False,False,0.0,0,0,Faible
1,25.05,25.05,65,4842,False,True,False,False,False,True,False,False,False,False,False,False,False,False,False,False,False,False,False,False,False,False,False,False,False,False,True,True,0.965,1,1,Élevé
4,90.4,356.65,35,3314,True,False,False,False,True,False,False,True,False,False,False,False,False,False,True,False,True,False,False,False,True,False,False,True,False,True,False,False,0.025,0,0,Faible
2,70.0,153.05,81,2928,False,False,False,False,True,False,False,True,False,False,False,False,False,False,False,False,False,False,False,False,False,False,False,False,False,False,False,True,0.995,1,1,Élevé
16,74.3,1178.25,81,2076,True,True,True,False,True,False,False,True,False,False,False,False,True,False,False,False,False,False,False,False,False,False,False,True,True,False,False,True,0.975,1,1,Élevé
67,116.1,7839.85,60,5896,True,True,False,False,True,False,True,True,False,False,True,False,True,False,True,False,True,False,True,False,True,False,True,True,True,False,False,False,0.0,0,0,Faible
38,70.45,2597.6,82,5437,True,False,False,False,True,False,False,True,False,False,False,False,False,False,False,False,False,False,False,False,False,True,False,True,False,False,False,True,0.965,1,1,Élevé
72,114.45,8375.05,53,6274,True,False,True,False,True,False,True,True,False,False,True,False,True,False,True,False,True,False,True,False,True,False,True,False,True,False,False,False,0.0,0,0,Faible
7,50.7,350.35,59,3097,False,False,True,True,True,False,False,False,False,False,True,False,False,False,False,False,False,False,False,False,False,False,False,False,False,False,True,False,0.0,0,0,Faible
54,99.05,5295.7,34,4011,True,True,True,False,True,False,True,True,False,False,False,False,False,False,True,False,False,False,True,False,True,False,False,True,True,False,False,False,0.0,0,0,Faible
1,68.65,68.65,99,3052,False,False,False,False,True,False,False,True,False,False,False,False,False,False,False,False,False,False,False,False,False,False,False,False,False,True,False,True,0.99,1,1,Élevé
24,55.65,1400.55,97,4126,True,False,False,False,True,False,True,False,False,False,True,False,False,False,False,False,False,False,False,False,False,False,False,True,False,False,False,True,0.995,1,1,Élevé
36,25.1,930.95,45,3040,True,False,True,True,True,False,True,False,True,True,False,True,False,True,False,True,False,True,False,True,False,False,True,False,True,False,False,False,0.0,0,0,Faible
27,95.55,2510.2,75,2999,True,True,True,False,True,False,True,True,False,False,False,False,True,False,True,False,False,False,False,False,True,False,False,True,False,True,False,True,0.955,1,1,Élevé
35,19.6,686.95,20,3764,True,False,True,True,True,False,False,False,True,True,False,True,False,True,False,True,False,True,False,True,False,False,True,False,False,False,True,False,0.0,0,0,Faible
13,80.85,1008.7,85,5964,True,False,False,False,True,False,False,True,False,False,False,False,False,False,False,False,False,False,False,False,True,False,False,True,False,True,False,True,0.98,1,1,Élevé
3,69.35,191.35,98,3520,True,False,False,False,True,False,False,False,False,False,False,False,False,False,False,False,True,False,True,False,True,False,False,True,False,True,False,True,0.99,1,1,Élevé
40,26.2,1077.5,37,2211,False,False,True,True,True,False,True,False,True,True,False,True,False,True,False,True,False,True,False,True,False,False,False,True,False,True,False,False,0.005,0,0,Faible
57,87.55,4884.85,43,4882,False,False,False,False,True,False,True,True,False,False,True,False,True,False,False,False,True,False,False,False,False,False,False,True,False,False,False,False,0.005,0,0,Faible
64,53.85,3399.85,36,4954,False,False,True,True,True,False,True,False,False,False,False,False,True,False,False,False,False,False,False,False,False,True,False,True,False,False,False,False,0.005,0,0,Faible
18,90.7,1597.25,89,2931,True,False,False,False,True,False,True,True,False,False,False,False,False,False,True,False,False,False,False,False,True,False,False,True,True,False,False,True,0.985,1,1,Élevé
38,85.4,3297.0,51,5292,True,False,True,True,True,False,True,False,False,False,True,False,False,False,True,False,True,False,True,False,True,False,True,True,False,False,False,False,0.0,0,0,Faible
1,69.25,69.25,87,4568,False,True,True,False,True,False,False,True,False,False,False,False,False,False,False,False,False,False,False,False,False,False,False,True,False,True,False,True,1.0,1,1,Élevé
4,77.85,299.2,65,2140,True,False,False,False,True,False,False,True,False,False,False,False,False,False,False,False,False,False,True,False,False,False,False,False,False,True,False,True,0.945,1,1,Élevé
1,53.95,53.95,90,2771,True,False,False,False,True,False,False,False,False,False,True,False,False,False,False,False,True,False,False,False,False,False,False,True,False,True,False,True,0.995,1,1,Élevé
10,72.15,794.25,98,2457,True,False,False,False,True,False,True,False,False,False,False,False,False,False,False,False,False,False,True,False,True,False,False,True,True,False,False,True,0.96,1,1,Élevé
20,89.4,1871.15,68,2098,False,False,False,False,True,False,False,True,False,False,True,False,False,False,True,False,False,False,True,False,False,False,False,True,False,False,False,False,0.04,0,0,Faible
69,85.4,5869.4,62,5976,False,False,True,False,True,False,True,True,False,False,False,False,True,False,True,False,False,False,False,False,False,False,False,True,False,False,False,False,0.005,0,0,Faible
34,94.25,3217.55,88,3369,False,True,True,False,True,False,True,True,False,False,False,False,True,False,True,False,False,False,False,False,True,False,False,True,False,True,False,True,0.99,1,1,Élevé
1,45.95,45.95,82,4563,False,False,False,True,True,False,False,False,False,False,False,False,False,False,False,False,False,False,False,False,False,False,False,False,False,False,True,True,0.97,1,1,Élevé
7,20.35,150.6,52,3098,False,False,False,False,True,False,False,False,True,True,False,True,False,True,False,True,False,True,False,True,False,False,False,False,False,False,True,False,0.0,0,0,Faible
7,25.05,189.95,63,4404,False,False,False,False,False,True,False,False,False,False,False,False,False,False,False,False,False,False,False,False,False,False,False,False,False,False,False,False,0.01,0,0,Faible
71,91.25,6589.6,30,5529,True,False,True,False,True,False,True,False,False,False,True,False,True,False,True,False,True,False,True,False,True,False,True,True,False,False,True,False,0.0,0,0,Faible
64,99.0,6375.8,68,5483,False,False,True,False,True,False,False,True,False,False,True,False,False,False,True,False,False,False,True,False,True,False,True,True,False,False,False,False,0.01,0,0,Faible
23,54.25,1221.55,49,5140,False,False,True,False,True,False,False,False,False,False,False,False,False,False,True,False,True,False,False,False,False,False,False,False,False,True,False,False,0.005,0,0,Faible
41,20.15,802.35,47,4982,True,False,False,False,True,False,False,False,True,True,False,True,False,True,False,True,False,True,False,True,False,False,True,False,False,False,True,False,0.0,0,0,Faible
70,24.25,1724.15,75,4118,True,False,True,False,True,False,True,False,True,True,False,True,False,True,False,True,False,True,False,True,False,False,True,False,False,False,False,False,0.0,0,0,Faible
56,96.95,5432.2,66,6484,True,False,True,True,True,False,True,True,False,False,False,False,True,False,False,False,True,False,True,False,False,False,False,True,True,False,False,False,0.0,0,0,Faible
15,86.2,1270.2,90,5829,False,False,False,False,True,False,False,True,False,False,True,False,False,False,False,False,False,False,True,False,False,False,False,False,False,True,False,True,0.995,1,1,Élevé
72,73.45,5329.0,29,5540,True,True,True,False,True,False,True,False,False,False,False,False,False,False,True,False,False,False,True,False,True,False,True,True,True,False,False,False,0.0,0,0,Faible
9,84.4,732.5,83,5745,True,True,False,False,True,False,True,True,False,False,False,False,False,False,False,False,False,False,False,False,True,False,False,True,True,False,False,True,0.98,1,1,Élevé
13,70.15,931.75,30,4599,True,False,False,False,True,False,False,True,False,False,False,False,False,False,False,False,False,False,False,False,False,False,False,True,False,True,False,False,0.005,0,0,Faible
34,24.7,780.2,72,3421,False,False,True,False,True,False,True,False,True,True,False,True,False,True,False,True,False,True,False,True,False,False,False,False,False,True,False,False,0.015,0,0,Faible
1,19.3,19.3,47,5626,True,False,False,False,True,False,False,False,True,True,False,True,False,True,False,True,False,True,False,True,False,False,False,False,True,False,False,False,0.005,0,0,Faible
22,20.3,467.15,55,2768,True,False,False,False,True,False,False,False,True,True,False,True,False,True,False,True,False,True,False,True,False,True,False,False,True,False,False,False,0.0,0,0,Faible
1,95.1,95.1,70,5795,True,True,True,False,True,False,True,True,False,False,False,False,False,False,False,False,False,False,True,False,True,False,False,True,False,True,False,True,0.975,1,1,Élevé
18,58.4,964.9,54,2812,True,True,False,False,True,False,True,False,False,False,True,False,True,False,False,False,False,False,False,False,False,False,False,True,True,False,False,False,0.01,0,0,Faible
7,79.65,604.7,81,4513,False,False,False,False,True,False,True,True,False,False,True,False,False,False,False,False,False,False,False,False,False,False,False,True,False,False,True,True,0.985,1,1,Élevé
1,19.45,19.45,48,2133,True,False,False,False,True,False,False,False,True,True,False,True,False,True,False,True,False,True,False,True,False,False,False,False,False,False,True,False,0.005,0,0,Faible
71,25.0,1753.0,79,4066,False,False,True,False,True,False,True,False,True,True,False,True,False,True,False,True,False,True,False,True,False,False,True,False,False,False,False,False,0.0,0,0,Faible
12,61.65,713.75,67,5670,False,False,False,False,True,False,True,False,False,False,True,False,False,False,True,False,True,False,False,False,False,False,False,True,False,False,True,True,0.89,1,1,Élevé
46,40.4,1842.7,44,2519,True,False,True,False,False,True,False,False,False,False,True,False,False,False,True,False,True,False,False,False,False,False,True,False,True,False,False,False,0.005,0,0,Faible
53,101.9,5549.4,94,5884,True,True,True,False,True,False,True,True,False,False,False,False,True,False,False,False,False,False,True,False,True,False,False,True,False,True,False,True,0.99,1,1,Élevé
67,81.35,5398.6,51,4219,True,False,True,False,True,False,False,False,False,False,True,False,True,False,True,False,False,False,True,False,True,False,True,False,True,False,False,False,0.0,0,0,Faible
33,95.0,3008.15,76,4639,False,False,True,False,True,False,True,True,False,False,False,False,False,False,True,False,True,False,False,False,True,False,False,True,True,False,False,False,0.025,0,0,Faible
5,69.95,320.4,73,3850,False,False,True,True,True,False,False,True,False,False,False,False,False,False,False,False,False,False,False,False,False,False,False,False,True,False,False,False,0.095,0,0,Faible
71,24.65,1766.75,73,4788,True,True,False,False,True,False,True,False,True,True,False,True,False,True,False,True,False,True,False,True,False,False,True,True,False,False,True,False,0.0,0,0,Faible
8,44.45,369.3,65,4909,False,False,False,False,True,False,False,False,False,False,False,False,False,False,False,False,False,False,False,False,False,False,False,False,False,False,True,False,0.05,0,0,Faible
45,100.15,4459.8,21,2636,False,True,False,False,True,False,True,True,False,False,False,False,False,False,True,False,False,False,True,False,True,True,False,True,False,False,False,False,0.0,0,0,Faible
70,58.4,4113.15,43,4117,False,False,True,True,False,True,False,False,False,False,False,False,True,False,True,False,True,False,True,False,True,True,False,True,False,False,False,False,0.0,0,0,Faible
19,89.35,1686.85,57,4473,False,False,True,True,True,False,True,True,False,False,False,False,False,False,False,False,True,False,False,False,True,True,False,True,False,False,False,False,0.005,0,0,Faible
2,70.95,137.95,94,5390,False,False,False,False,True,False,False,True,False,False,False,False,False,False,False,False,False,False,False,False,False,False,False,True,False,True,False,True,0.995,1,1,Élevé
5,82.75,417.75,36,5269,False,False,False,False,True,False,True,True,False,False,False,False,False,False,True,False,True,False,False,False,False,False,False,True,False,True,False,False,0.01,0,0,Faible
46,24.95,1165.9,58,3979,False,False,True,False,True,False,True,False,True,True,False,True,False,True,False,True,False,True,False,True,False,True,False,False,False,False,True,False,0.0,0,0,Faible
4,50.7,151.3,90,4930,False,False,False,False,True,False,False,False,False,False,False,False,True,False,False,False,False,False,False,False,False,False,False,False,True,False,False,True,0.98,1,1,Élevé
2,86.85,156.35,78,5204,True,True,True,False,True,False,True,True,False,False,False,False,False,False,False,False,False,False,True,False,False,False,False,True,False,False,True,True,0.985,1,1,Élevé
43,29.3,1224.05,70,4741,True,False,True,True,False,True,False,False,False,False,False,False,True,False,False,False,False,False,False,False,False,False,False,False,True,False,False,False,0.035,0,0,Faible
4,44.55,220.75,45,2124,True,False,False,False,True,False,False,False,False,False,False,False,False,False,False,False,False,False,False,False,False,False,False,False,False,False,True,False,0.015,0,0,Faible
59,76.75,4541.9,24,5918,True,False,True,True,True,False,False,False,False,False,False,False,True,False,True,False,True,False,True,False,True,True,False,False,True,False,False,False,0.0,0,0,Faible
1,20.15,20.15,92,4832,True,False,False,False,True,False,False,False,True,True,False,True,False,True,False,True,False,True,False,True,False,False,False,False,False,False,True,True,1.0,1,1,Élevé
36,63.7,2188.5,31,2504,True,False,True,True,True,False,False,False,False,False,True,False,False,False,True,False,False,False,False,False,True,True,False,True,True,False,False,False,0.0,0,0,Faible
22,49.8,1049.05,29,4667,False,False,False,False,True,False,False,False,False,False,True,False,False,False,False,False,False,False,False,False,False,False,False,True,False,True,False,False,0.02,0,0,Faible
67,100.9,6733.15,31,4078,True,False,True,False,True,False,False,True,False,False,True,False,True,False,False,False,False,False,True,False,True,True,False,True,True,False,False,False,0.005,0,0,Faible
3,29.9,92.25,23,4416,True,False,True,False,False,True,False,False,False,False,False,False,False,False,False,False,True,False,False,False,False,False,False,True,False,True,False,False,0.005,0,0,Faible
7,59.1,369.25,29,4770,False,False,False,False,True,False,False,False,False,False,True,False,False,False,False,False,False,False,False,False,True,True,False,True,False,True,False,False,0.015,0,0,Faible
2,79.0,143.65,92,5239,True,False,False,False,True,False,False,True,False,False,False,False,False,False,False,False,False,False,True,False,False,False,False,False,False,True,False,True,0.995,1,1,Élevé
2,20.25,36.8,59,5736,True,False,False,False,True,False,False,False,True,True,False,True,False,True,False,True,False,True,False,True,False,False,False,False,False,False,True,False,0.01,0,0,Faible
50,20.35,938.95,71,6391,True,False,True,True,True,False,False,False,True,True,False,True,False,True,False,True,False,True,False,True,False,True,False,True,False,False,True,False,0.0,0,0,Faible
47,67.45,3252.0,67,4074,False,True,True,False,True,False,True,False,False,False,True,False,True,False,True,False,False,False,False,False,False,False,False,True,True,False,False,False,0.005,0,0,Faible
25,81.75,2028.8,61,5917,True,False,False,False,True,False,True,False,False,False,True,False,True,False,True,False,True,False,False,False,True,False,False,False,False,False,False,False,0.005,0,0,Faible
46,105.2,4822.85,99,3322,False,False,False,False,True,False,False,True,False,False,True,False,True,False,False,False,True,False,True,False,True,True,False,True,False,False,False,True,0.985,1,1,Élevé
13,89.05,1169.35,82,3861,True,True,True,False,True,False,False,True,False,False,False,False,True,False,False,False,True,False,False,False,True,False,False,True,False,False,False,True,0.995,1,1,Élevé
72,105.0,7578.05,56,6423,False,True,True,False,True,False,True,True,False,False,False,False,True,False,True,False,False,False,True,False,True,True,False,False,True,False,False,False,0.005,0,0,Faible
46,45.2,2065.15,75,3150,True,False,False,False,True,False,False,False,False,False,False,False,False,False,False,False,False,False,False,False,False,False,False,True,True,False,False,False,0.02,0,0,Faible
70,19.85,1433.8,39,4442,True,False,True,False,True,False,False,False,True,True,False,True,False,True,False,True,False,True,False,True,False,False,True,False,True,False,False,False,0.0,0,0,Faible
37,76.25,2841.55,100,5859,False,True,False,False,True,False,True,True,False,False,False,False,False,False,False,False,False,False,False,False,False,False,False,True,False,True,False,True,0.99,1,1,Élevé
22,101.35,2317.1,77,4694,True,False,False,False,True,False,True,True,False,False,True,False,False,False,False,False,False,False,True,False,True,False,False,True,False,False,False,True,0.94,1,1,Élevé
36,97.35,3457.9,86,4544,False,False,True,False,True,False,True,True,False,False,False,False,True,False,True,False,False,False,True,False,False,False,False,True,False,False,False,True,1.0,1,1,Élevé
5,85.4,425.9,90,3716,False,False,False,False,True,False,False,True,False,False,False,False,False,False,False,False,True,False,False,False,True,False,False,True,True,False,False,True,0.975,1,1,Élevé
68,54.45,3674.95,45,6309,False,False,False,False,True,False,False,False,False,False,True,False,False,False,True,False,False,False,False,False,False,True,False,True,True,False,False,False,0.01,0,0,Faible
71,95.15,6770.85,41,5647,False,False,True,True,True,False,True,True,False,False,True,False,True,False,True,False,True,False,False,False,False,True,False,True,True,False,False,False,0.0,0,0,Faible
58,68.4,3972.25,62,5269,False,False,True,False,True,False,True,False,False,False,True,False,False,False,False,False,True,False,False,False,True,True,False,True,False,True,False,False,0.01,0,0,Faible
35,95.45,3474.05,91,2080,True,True,False,False,True,False,True,True,False,False,False,False,False,False,False,False,False,False,True,False,True,False,False,True,False,True,False,True,0.99,1,1,Élevé
24,78.85,1772.25,65,3079,True,True,True,False,True,False,True,True,False,False,True,False,False,False,False,False,False,False,False,False,False,False,False,True,False,True,False,True,0.885,1,1,Élevé
1,20.5,20.5,54,4454,False,False,False,False,True,False,False,False,True,True,False,True,False,True,False,True,False,True,False,True,False,False,False,False,False,False,True,False,0.015,0,0,Faible
51,20.45,1042.65,65,6097,True,False,False,False,True,False,False,False,True,True,False,True,False,True,False,True,False,True,False,True,False,False,True,False,False,False,True,False,0.01,0,0,Faible
20,98.55,2031.95,42,3300,True,False,False,False,True,False,True,True,False,False,False,False,False,False,False,False,True,False,True,False,True,False,False,True,False,False,True,False,0.01,0,0,Faible
55,57.55,3046.4,69,5463,True,False,True,False,True,False,False,False,False,False,True,False,True,False,False,False,True,False,False,False,False,False,True,False,False,False,False,True,0.69,1,1,Moyen
54,89.4,4869.5,56,5871,True,False,False,False,True,False,True,True,False,False,False,False,False,False,True,False,False,False,False,False,True,False,False,False,True,False,False,False,0.005,0,0,Faible
62,54.75,3425.35,71,5010,False,False,True,True,True,False,False,False,False,False,True,False,False,False,True,False,False,False,False,False,False,True,False,False,True,False,False,False,0.0,0,0,Faible
9,34.7,296.1,95,5352,True,False,False,False,False,True,False,False,False,False,False,False,False,False,False,False,False,False,True,False,False,False,False,True,True,False,False,True,0.965,1,1,Élevé
71,114.6,8100.25,71,4071,False,False,True,True,True,False,True,True,False,False,True,False,True,False,True,False,True,False,True,False,True,False,True,False,False,False,False,False,0.01,0,0,Faible
65,93.55,6069.25,76,5774,True,False,False,False,True,False,True,True,False,False,True,False,False,False,False,False,True,False,False,False,True,True,False,False,False,True,False,False,0.04,0,0,Faible
23,81.85,1810.85,80,5939,False,False,True,True,True,False,True,True,False,False,True,False,False,False,False,False,False,False,False,False,False,True,False,False,True,False,False,False,0.015,0,0,Faible
45,96.75,4442.75,73,3682,False,False,False,False,True,False,True,True,False,False,True,False,True,False,False,False,False,False,False,False,True,True,False,False,False,False,False,False,0.02,0,0,Faible
69,19.3,1447.9,63,5028,True,False,False,False,True,False,False,False,True,True,False,True,False,True,False,True,False,True,False,True,False,False,True,True,False,False,False,False,0.005,0,0,Faible
16,69.65,1043.3,63,5610,True,True,False,False,True,False,False,True,False,False,False,False,False,False,False,False,False,False,False,False,False,False,False,False,False,True,False,False,0.015,0,0,Faible
66,58.2,3810.8,79,5313,False,False,True,False,True,False,False,False,False,False,True,False,True,False,False,False,True,False,False,False,False,False,True,True,True,False,False,False,0.0,0,0,Faible
4,90.65,367.95,70,3559,True,False,False,False,True,False,True,True,False,False,True,False,False,False,False,False,False,False,True,False,False,False,False,False,False,True,False,False,0.105,0,0,Faible
29,90.1,2656.7,55,3553,True,True,True,False,True,False,False,True,False,False,True,False,False,False,True,False,False,False,False,False,True,True,False,False,False,False,False,False,0.0,0,0,Faible
50,106.8,5347.95,59,5746,False,True,False,False,True,False,True,True,False,False,False,False,True,False,False,False,True,False,True,False,True,True,False,True,False,True,False,False,0.01,0,0,Faible
17,98.6,1704.95,91,5160,False,False,True,False,True,False,False,True,False,False,False,False,False,False,True,False,True,False,True,False,True,True,False,False,False,False,False,True,0.955,1,1,Élevé
65,45.25,2933.95,37,5712,False,False,False,True,False,True,False,False,False,False,False,False,True,False,False,False,True,False,True,False,False,False,True,False,False,False,True,False,0.005,0,0,Faible
72,25.85,1872.2,45,5514,True,False,True,False,True,False,True,False,True,True,False,True,False,True,False,True,False,True,False,True,False,False,True,False,True,False,False,False,0.0,0,0,Faible
2,69.75,144.55,68,5667,False,False,False,False,True,False,False,True,False,False,False,False,False,False,False,False,False,False,False,False,False,False,False,False,False,False,False,True,0.98,1,1,Élevé
54,20.4,1090.6,60,6393,True,False,True,True,True,False,False,False,True,True,False,True,False,True,False,True,False,True,False,True,False,False,True,False,True,False,False,False,0.005,0,0,Faible
1,69.9,69.9,88,3349,True,False,False,False,True,False,False,True,False,False,False,False,False,False,False,False,False,False,False,False,False,False,False,True,False,True,False,True,1.0,1,1,Élevé
15,48.8,720.1,57,2577,False,False,False,False,True,False,True,False,False,False,False,False,False,False,False,False,False,False,False,False,False,False,False,True,False,False,True,False,0.0,0,0,Faible
57,70.1,3913.3,81,4669,False,False,True,False,True,False,False,False,False,False,True,False,False,False,False,False,False,False,True,False,True,True,False,True,False,False,False,True,0.96,1,1,Élevé
6,50.35,314.55,74,3442,False,False,True,False,True,False,True,False,False,False,False,False,False,False,False,False,False,False,False,False,False,False,False,False,False,True,False,False,0.06,0,0,Faible
34,77.2,2753.8,58,3997,True,False,True,True,True,False,True,False,False,False,False,False,False,False,True,False,False,False,True,False,True,True,False,False,False,False,False,False,0.0,0,0,Faible
10,33.9,298.45,84,2529,True,False,False,False,False,True,False,False,False,False,False,False,False,False,False,False,False,False,False,False,True,False,False,True,False,False,True,True,0.985,1,1,Élevé
55,113.6,6292.7,56,5754,True,True,True,False,True,False,True,True,False,False,False,False,True,False,True,False,True,False,True,False,True,False,True,True,False,True,False,False,0.01,0,0,Faible
38,62.3,2354.8,83,3818,True,False,False,False,True,False,False,False,False,False,False,False,False,False,True,False,True,False,False,False,True,True,False,True,False,False,True,True,0.97,1,1,Élevé
5,19.65,92.05,42,2878,False,False,False,False,True,False,False,False,True,True,False,True,False,True,False,True,False,True,False,True,False,False,False,True,True,False,False,False,0.0,0,0,Faible
63,36.1,2298.9,48,5089,True,True,True,False,False,True,False,False,False,False,True,False,False,False,False,False,True,False,False,False,False,True,False,False,False,False,False,False,0.005,0,0,Faible
3,95.4,293.15,70,2813,False,False,False,False,True,False,False,True,False,False,False,False,True,False,False,False,False,False,True,False,True,False,False,False,False,True,False,False,0.12,0,0,Faible
67,105.7,6816.95,68,5027,False,False,True,False,True,False,True,True,False,False,False,False,True,False,True,False,False,False,True,False,True,True,False,True,False,False,False,False,0.03,0,0,Faible
3,20.0,49.65,44,3985,True,False,True,False,True,False,False,False,True,True,False,True,False,True,False,True,False,True,False,True,False,False,False,False,False,False,False,False,0.005,0,0,Faible
1,50.75,50.75,69,3631,True,False,False,False,True,False,True,False,False,False,False,False,False,False,False,False,False,False,False,False,False,False,False,False,False,False,True,False,0.08,0,0,Faible
1,19.65,19.65,31,3192,True,False,False,False,True,False,False,False,True,True,False,True,False,True,False,True,False,True,False,True,False,False,False,False,False,False,True,False,0.005,0,0,Faible
13,55.95,734.35,91,4498,False,False,True,False,True,False,False,False,False,False,False,False,False,False,False,False,False,False,False,False,True,False,False,False,False,True,False,True,0.99,1,1,Élevé
25,19.15,477.6,57,3829,True,False,True,True,True,False,False,False,True,True,False,True,False,True,False,True,False,True,False,True,False,False,False,True,False,False,True,False,0.0,0,0,Faible
51,106.8,5498.8,33,4640,True,False,True,False,True,False,True,True,False,False,False,False,True,False,True,False,False,False,True,False,True,True,False,True,False,False,False,False,0.0,0,0,Faible
1,75.3,75.3,87,3244,False,False,False,False,True,False,False,True,False,False,True,False,False,False,False,False,False,False,False,False,False,False,False,False,False,False,True,True,0.995,1,1,Élevé
68,100.3,6754.35,39,5757,True,False,True,False,True,False,False,True,False,False,False,False,True,False,False,False,True,False,True,False,True,True,False,True,False,True,False,False,0.005,0,0,Faible
44,54.05,2375.2,68,4896,True,False,True,True,False,True,False,False,False,False,True,False,True,False,True,False,True,False,False,False,True,False,True,True,True,False,False,False,0.0,0,0,Faible
8,74.85,572.45,40,5514,True,False,False,False,True,False,True,True,False,False,False,False,False,False,False,False,False,False,False,False,False,False,False,True,False,True,False,False,0.01,0,0,Faible
2,70.65,142.35,74,2189,False,True,False,False,True,False,False,True,False,False,False,False,False,False,False,False,False,False,False,False,False,False,False,True,False,True,False,True,0.975,1,1,Élevé
47,103.7,4730.6,20,4543,False,False,False,False,True,False,False,True,False,False,True,False,False,False,True,False,True,False,True,False,True,True,False,True,False,True,False,False,0.005,0,0,Faible
2,42.6,72.4,79,4648,False,False,False,False,False,True,False,False,False,False,True,False,True,False,False,False,False,False,False,False,True,False,False,True,False,True,False,True,0.955,1,1,Élevé
9,80.8,713.1,90,3890,True,False,False,False,True,False,False,True,False,False,False,False,False,False,False,False,False,False,False,False,True,False,False,True,False,True,False,True,0.99,1,1,Élevé
71,24.7,1810.55,45,5187,False,False,True,True,True,False,True,False,True,True,False,True,False,True,False,True,False,True,False,True,False,False,True,False,False,False,False,False,0.0,0,0,Faible
27,83.85,2310.2,35,5907,False,True,True,False,True,False,True,False,False,False,False,False,True,False,True,False,True,False,True,False,True,False,False,False,False,True,False,False,0.015,0,0,Faible
49,49.65,2409.9,29,4283,True,False,True,False,False,True,False,False,False,False,False,False,True,False,False,False,False,False,True,False,True,False,True,False,True,False,False,False,0.005,0,0,Faible
72,87.1,6230.1,76,5993,True,False,True,False,True,False,True,False,False,False,True,False,True,False,True,False,True,False,True,False,True,False,True,True,False,False,False,False,0.0,0,0,Faible
22,89.05,1886.25,75,5479,False,False,False,False,True,False,False,True,False,False,True,False,False,False,False,False,True,False,False,False,True,False,False,True,False,True,False,False,0.035,0,0,Faible
5,55.8,300.4,23,5104,False,False,False,False,True,False,False,False,False,False,True,False,False,False,True,False,False,False,False,False,False,False,False,False,True,False,False,False,0.015,0,0,Faible
52,49.15,2550.9,90,5597,True,True,False,False,False,True,False,False,False,False,False,False,True,False,False,False,False,False,True,False,True,False,False,True,False,True,False,True,0.96,1,1,Élevé
20,20.0,416.45,71,3585,False,False,True,False,True,False,False,False,True,True,False,True,False,True,False,True,False,True,False,True,False,True,False,True,False,False,True,False,0.01,0,0,Faible
4,89.2,346.2,74,5808,False,True,False,False,True,False,True,True,False,False,False,False,False,False,True,False,False,False,True,False,False,False,False,True,False,True,False,True,1.0,1,1,Élevé
19,86.85,1564.4,64,5072,False,False,True,False,True,False,True,True,False,False,False,False,False,False,False,False,False,False,True,False,False,False,False,True,False,True,False,False,0.01,0,0,Faible
30,100.2,2983.8,90,3598,False,False,False,False,True,False,True,True,False,False,False,False,True,False,False,False,False,False,True,False,True,False,False,True,False,True,False,True,1.0,1,1,Élevé
1,85.55,85.55,86,3967,False,False,False,False,True,False,False,True,False,False,False,False,False,False,True,False,False,False,True,False,False,False,False,True,True,False,False,True,0.995,1,1,Élevé
13,19.45,232.1,54,2783,False,False,False,False,True,False,False,False,True,True,False,True,False,True,False,True,False,True,False,True,False,False,False,False,True,False,False,False,0.005,0,0,Faible
53,24.6,1279.0,44,4610,True,False,False,False,True,False,True,False,True,True,False,True,False,True,False,True,False,True,False,True,False,False,True,False,False,False,True,False,0.0,0,0,Faible
19,79.85,1471.75,65,3715,True,True,False,False,True,False,True,True,False,False,False,False,False,False,True,False,False,False,False,False,False,False,False,True,False,True,False,True,0.915,1,1,Élevé
7,89.15,574.35,25,2415,False,True,False,False,True,False,False,True,False,False,False,False,False,False,False,False,False,False,True,False,True,False,False,True,False,True,False,False,0.005,0,0,Faible
6,19.5,106.8,77,3288,False,True,False,False,True,False,False,False,True,True,False,True,False,True,False,True,False,True,False,True,False,False,False,False,False,False,False,False,0.005,0,0,Faible
47,99.7,4747.2,67,4787,False,True,True,False,True,False,True,True,False,False,False,False,False,False,True,False,False,False,True,False,True,False,False,False,False,True,False,False,0.055,0,0,Faible
37,20.35,697.65,24,3078,True,False,True,False,True,False,False,False,True,True,False,True,False,True,False,True,False,True,False,True,False,False,False,False,False,False,False,False,0.005,0,0,Faible
18,75.6,1395.05,78,4030,True,False,False,False,True,False,True,True,False,False,False,False,False,False,False,False,False,False,False,False,False,False,False,True,False,False,False,False,0.065,0,0,Faible
27,49.85,1336.15,75,5580,False,False,True,True,True,False,False,False,False,False,False,False,True,False,False,False,False,False,False,False,False,False,False,False,False,False,True,False,0.0,0,0,Faible
21,64.95,1339.8,23,4604,True,True,True,False,True,False,False,False,False,False,True,False,True,False,False,False,False,False,False,False,True,False,False,True,False,False,False,False,0.015,0,0,Faible
20,79.15,1520.9,95,4997,False,True,False,False,True,False,True,True,False,False,True,False,False,False,False,False,False,False,False,False,False,False,False,True,False,True,False,True,0.99,1,1,Élevé
25,69.75,1729.35,26,3080,True,False,False,False,True,False,False,True,False,False,False,False,False,False,False,False,False,False,False,False,False,False,False,False,False,True,False,False,0.015,0,0,Faible
66,104.9,6891.45,48,4892,False,True,True,True,True,False,True,True,False,False,False,False,True,False,True,False,False,False,True,False,True,True,False,True,False,True,False,False,0.005,0,0,Faible
44,94.4,4295.35,73,5019,False,False,True,True,True,False,True,True,False,False,False,False,True,False,True,False,False,False,False,False,True,True,False,False,False,True,False,False,0.015,0,0,Faible
34,84.05,2909.95,67,3476,True,False,True,True,True,False,False,True,False,False,False,False,False,False,True,False,False,False,True,False,False,False,False,True,False,False,True,False,0.035,0,0,Faible
42,54.55,2455.05,72,5387,False,False,False,False,True,False,False,False,False,False,True,False,False,False,True,False,False,False,False,False,False,False,False,False,True,False,False,False,0.01,0,0,Faible
39,47.85,1886.4,23,5531,False,False,False,False,True,False,False,False,False,False,True,False,False,False,False,False,False,False,False,False,False,True,False,True,False,True,False,False,0.0,0,0,Faible
5,20.5,104.3,53,5263,False,False,False,False,True,False,False,False,True,True,False,True,False,True,False,True,False,True,False,True,False,False,False,True,False,False,True,False,0.005,0,0,Faible
66,91.7,6075.9,39,5453,True,False,True,False,True,False,True,False,False,False,True,False,True,False,True,False,True,False,True,False,True,False,True,False,False,False,False,False,0.0,0,0,Faible
31,50.05,1523.4,35,4529,True,False,False,False,False,True,False,False,False,False,False,False,False,False,True,False,False,False,True,False,True,True,False,True,False,True,False,False,0.0,0,0,Faible
43,19.55,876.15,67,4871,True,False,False,False,True,False,False,False,True,True,False,True,False,True,False,True,False,True,False,True,False,False,True,False,False,False,True,False,0.005,0,0,Faible
67,105.4,6989.45,45,5666,True,False,True,True,True,False,True,True,False,False,False,False,True,False,True,False,False,False,True,False,True,True,False,True,False,True,False,False,0.005,0,0,Faible
14,51.45,727.85,57,4298,False,False,False,False,True,False,False,False,False,False,False,False,True,False,False,False,False,False,False,False,False,True,False,False,True,False,False,False,0.005,0,0,Faible
3,99.0,287.4,77,5236,False,False,False,False,True,False,False,True,False,False,True,False,False,False,True,False,False,False,True,False,True,False,False,True,True,False,False,True,0.95,1,1,Élevé
71,80.45,5662.25,75,4518,False,False,True,False,True,False,True,False,False,False,False,False,False,False,True,False,True,False,True,False,True,False,True,True,False,False,False,False,0.01,0,0,Faible
50,82.5,4179.1,71,5258,False,False,False,False,True,False,True,False,False,False,True,False,False,False,True,False,True,False,True,False,True,True,False,True,True,False,False,False,0.0,0,0,Faible
72,105.6,7581.5,48,5981,True,False,True,False,True,False,True,True,False,False,True,False,True,False,True,False,True,False,False,False,True,False,True,False,False,False,False,False,0.005,0,0,Faible
1,93.3,93.3,65,2578,True,False,False,False,True,False,True,True,False,False,False,False,False,False,False,False,False,False,True,False,True,False,False,True,False,True,False,True,0.975,1,1,Élevé
24,20.45,527.35,20,4690,False,False,False,False,True,False,False,False,True,True,False,True,False,True,False,True,False,True,False,True,False,True,False,False,True,False,False,False,0.0,0,0,Faible
11,19.25,180.3,69,5638,False,False,True,True,True,False,False,False,True,True,False,True,False,True,False,True,False,True,False,True,False,False,False,True,False,False,True,True,0.75,1,1,Élevé
3,50.5,147.75,43,5258,True,False,False,False,True,False,False,False,False,False,False,False,False,False,False,False,True,False,False,False,False,False,False,True,False,False,True,False,0.005,0,0,Faible
2,74.7,165.4,81,2803,True,True,False,False,True,False,False,True,False,False,False,False,True,False,False,False,False,False,False,False,False,False,False,True,False,True,False,True,0.975,1,1,Élevé
29,58.0,1734.5,63,2810,False,False,False,False,True,False,False,False,False,False,True,False,False,False,True,False,True,False,False,False,False,True,False,False,True,False,False,False,0.0,0,0,Faible
48,20.65,1057.0,25,4124,False,False,True,False,True,False,False,False,True,True,False,True,False,True,False,True,False,True,False,True,False,False,True,False,False,False,False,False,0.0,0,0,Faible
63,19.25,1237.65,20,4538,True,False,True,False,True,False,False,False,True,True,False,True,False,True,False,True,False,True,False,True,False,False,True,False,False,False,True,False,0.005,0,0,Faible
3,64.5,177.4,54,5613,False,False,False,True,True,False,False,False,False,False,True,False,False,False,False,False,True,False,False,False,True,False,False,True,False,False,False,False,0.015,0,0,Faible
4,61.45,229.55,83,2131,True,False,True,True,True,False,False,False,False,False,False,False,False,False,False,False,True,False,False,False,True,False,False,False,True,False,False,True,0.92,1,1,Élevé
2,54.15,101.65,27,3527,False,False,False,False,True,False,True,False,False,False,False,False,True,False,False,False,False,False,False,False,False,False,False,False,False,False,True,False,0.025,0,0,Faible
44,106.05,4510.8,60,4588,True,False,False,False,True,False,False,True,False,False,True,False,True,False,True,False,False,False,True,False,True,True,False,True,False,True,False,False,0.0,0,0,Faible
72,91.35,6697.2,52,5378,False,False,False,False,True,False,True,False,False,False,True,False,True,False,True,False,True,False,True,False,True,False,True,True,False,False,False,False,0.0,0,0,Faible
72,110.75,7751.7,34,4848,False,False,True,False,True,False,True,True,False,False,True,False,True,False,True,False,False,False,True,False,True,False,True,True,False,True,False,False,0.005,0,0,Faible
24,104.25,2433.9,80,2104,True,True,True,False,True,False,True,True,False,False,False,False,True,False,True,False,False,False,True,False,True,False,False,True,False,True,False,True,0.97,1,1,Élevé
24,76.1,1712.7,98,2018,True,True,False,False,True,False,True,True,False,False,False,False,False,False,False,False,False,False,False,False,False,False,False,True,False,True,False,True,0.975,1,1,Élevé
51,110.05,5686.4,56,5604,True,False,True,False,True,False,True,True,False,False,True,False,True,False,False,False,True,False,True,False,True,True,False,False,True,False,False,False,0.005,0,0,Faible
71,71.0,5012.1,55,5247,True,True,True,False,True,False,False,False,False,False,True,False,True,False,False,False,True,False,True,False,False,True,False,True,False,False,False,False,0.0,0,0,Faible
22,25.25,566.5,61,3403,True,False,False,False,True,False,True,False,True,True,False,True,False,True,False,True,False,True,False,True,False,False,True,False,False,False,True,False,0.005,0,0,Faible
48,60.35,2896.4,69,2681,False,False,False,False,True,False,False,False,False,False,True,False,False,False,True,False,True,False,False,False,False,True,False,True,True,False,False,True,0.84,1,1,Élevé
7,74.4,527.9,96,4969,True,True,True,False,True,False,True,True,False,False,False,False,False,False,False,False,False,False,False,False,False,False,False,True,False,False,True,True,0.99,1,1,Élevé
2,19.25,48.35,45,4725,True,False,False,True,True,False,False,False,True,True,False,True,False,True,False,True,False,True,False,True,False,False,False,False,False,False,True,False,0.005,0,0,Faible
19,20.0,377.55,31,5188,True,False,False,True,True,False,False,False,True,True,False,True,False,True,False,True,False,True,False,True,False,False,False,True,False,True,False,False,0.01,0,0,Faible
7,44.4,265.8,77,3410,True,True,False,False,False,True,False,False,False,False,False,False,True,False,False,False,True,False,False,False,True,False,False,True,False,True,False,False,0.11,0,0,Faible
55,73.1,4144.9,46,5832,False,False,False,False,True,False,True,True,False,False,False,False,False,False,False,False,False,False,False,False,False,False,False,True,False,True,False,False,0.005,0,0,Faible
2,44.9,111.05,26,4370,True,False,False,False,True,False,False,False,False,False,False,False,False,False,False,False,False,False,False,False,False,False,False,False,False,False,False,False,0.015,0,0,Faible
10,70.0,740.0,67,3156,True,False,False,False,True,False,False,True,False,False,False,False,False,False,False,False,False,False,False,False,False,False,False,True,False,True,False,True,0.985,1,1,Élevé
22,69.5,1498.2,94,5922,False,False,True,False,True,False,False,False,False,False,False,False,True,False,False,False,False,False,True,False,True,True,False,True,False,False,False,True,0.96,1,1,Élevé
68,114.9,7843.55,77,5782,False,False,True,False,True,False,True,True,False,False,True,False,True,False,True,False,True,False,True,False,True,False,True,False,False,False,False,False,0.005,0,0,Faible
8,60.9,551.95,27,2136,True,True,True,False,True,False,False,False,False,False,True,False,False,False,False,False,False,False,True,False,False,False,False,False,False,False,False,False,0.01,0,0,Faible
70,59.5,4144.8,27,4031,True,False,True,False,False,True,False,False,False,False,True,False,False,False,True,False,True,False,True,False,True,False,True,False,False,False,False,False,0.0,0,0,Faible
52,102.7,5138.1,63,4044,False,False,True,False,True,False,True,True,False,False,False,False,True,False,False,False,True,False,True,False,True,False,False,True,True,False,False,False,0.0,0,0,Faible
7,89.75,608.8,90,3807,True,False,True,False,True,False,False,True,False,False,False,False,True,False,False,False,True,False,True,False,False,False,False,True,False,True,False,True,1.0,1,1,Élevé
12,49.05,593.05,70,4244,True,False,False,False,True,False,False,False,False,False,False,False,True,False,False,False,False,False,False,False,False,False,False,True,False,False,False,False,0.04,0,0,Faible
41,81.3,3190.65,62,2299,False,False,False,False,True,False,True,True,False,False,True,False,False,False,False,False,False,False,False,False,False,False,False,True,True,False,False,False,0.0,0,0,Faible
29,26.1,692.55,70,2828,False,False,True,True,True,False,True,False,True,True,False,True,False,True,False,True,False,True,False,True,False,False,True,False,False,False,True,False,0.0,0,0,Faible
57,20.75,1123.15,68,4937,True,False,True,True,True,False,False,False,True,True,False,True,False,True,False,True,False,True,False,True,False,False,True,False,False,False,True,False,0.005,0,0,Faible
31,80.45,2429.1,49,4684,True,False,False,False,True,False,True,True,False,False,False,False,True,False,False,False,False,False,False,False,False,False,False,True,False,True,False,False,0.005,0,0,Faible
60,89.45,5294.6,44,4340,False,True,True,False,True,False,True,True,False,False,False,False,True,False,False,False,False,False,False,False,True,False,False,False,False,True,False,False,0.01,0,0,Faible
68,107.7,7320.9,53,5015,True,False,True,False,True,False,True,True,False,False,True,False,True,False,False,False,True,False,True,False,True,False,False,True,False,True,False,False,0.015,0,0,Faible
58,70.1,4048.95,58,4474,True,False,False,False,True,False,False,False,False,False,False,False,True,False,True,False,True,False,True,False,False,False,True,False,False,False,False,False,0.0,0,0,Faible
2,80.95,171.15,65,3533,True,False,False,False,True,False,False,True,False,False,False,False,False,False,False,False,False,False,False,False,True,False,False,True,False,True,False,True,0.965,1,1,Élevé
29,84.9,2516.2,69,4388,True,False,False,False,True,False,True,True,False,False,False,False,False,False,False,False,False,False,False,False,True,False,False,True,False,True,False,False,0.05,0,0,Faible
33,93.35,3092.0,40,3348,True,False,True,False,True,False,True,True,False,False,False,False,True,False,True,False,False,False,False,False,True,False,False,True,False,True,False,False,0.005,0,0,Faible
70,79.15,5536.5,49,4408,True,False,True,False,True,False,True,False,False,False,True,False,True,False,True,False,True,False,True,False,False,False,True,False,False,False,True,False,0.0,0,0,Faible
49,99.8,4872.45,83,6088,True,False,True,False,True,False,True,True,False,False,False,False,False,False,True,False,False,False,True,False,True,False,False,True,False,True,False,True,0.985,1,1,Élevé
5,85.3,420.45,67,2689,False,False,False,False,True,False,False,True,False,False,False,False,True,False,False,False,False,False,True,False,False,False,False,True,False,False,True,False,0.105,0,0,Faible
18,19.8,342.3,74,4808,True,False,True,True,True,False,False,False,True,True,False,True,False,True,False,True,False,True,False,True,False,True,False,False,False,False,False,False,0.0,0,0,Faible
10,60.95,629.55,28,4323,False,False,False,False,True,False,False,False,False,False,False,False,False,False,False,False,True,False,False,False,True,False,False,True,False,False,True,False,0.0,0,0,Faible
65,108.8,7082.45,64,5225,False,True,True,False,True,False,True,True,False,False,False,False,True,False,True,False,False,False,True,False,True,False,False,True,False,False,False,False,0.005,0,0,Faible
7,75.4,533.05,41,3533,True,True,True,False,True,False,True,True,False,False,False,False,False,False,False,False,False,False,False,False,False,False,False,True,False,True,False,False,0.005,0,0,Faible
30,100.45,3096.9,32,3936,False,False,False,False,True,False,True,True,False,False,False,False,False,False,True,False,False,False,True,False,True,False,False,False,False,True,False,False,0.005,0,0,Faible
3,43.3,123.65,91,4849,True,False,False,False,True,False,False,False,False,False,False,False,False,False,False,False,False,False,False,False,False,False,False,True,False,True,False,True,0.99,1,1,Élevé
11,100.75,1129.75,65,2229,False,False,False,False,True,False,True,True,False,False,False,False,False,False,True,False,False,False,True,False,True,False,False,True,False,True,False,True,0.96,1,1,Élevé
63,108.5,6991.9,49,6453,True,True,True,False,True,False,True,True,False,False,True,False,True,False,True,False,False,False,True,False,True,False,True,False,True,False,False,False,0.015,0,0,Faible
9,24.6,190.1,49,2323,True,False,False,False,False,True,False,False,False,False,False,False,False,False,False,False,False,False,False,False,False,False,False,True,False,False,True,False,0.0,0,0,Faible
12,81.7,858.6,76,2850,True,False,False,False,True,False,False,True,False,False,True,False,False,False,True,False,False,False,False,False,False,False,False,False,False,False,False,True,0.93,1,1,Élevé
4,56.5,235.1,99,5758,False,False,True,True,True,False,False,False,False,False,False,False,True,False,False,False,True,False,False,False,False,False,False,False,False,False,True,True,0.94,1,1,Élevé
2,44.95,85.15,84,5900,True,True,False,False,True,False,False,False,False,False,False,False,False,False,False,False,False,False,False,False,False,False,False,False,False,False,True,True,0.955,1,1,Élevé
71,19.6,1387.45,56,6444,True,False,True,True,True,False,False,False,True,True,False,True,False,True,False,True,False,True,False,True,False,False,True,True,False,False,False,False,0.0,0,0,Faible
42,73.15,3088.25,58,2531,True,False,True,True,True,False,False,False,False,False,False,False,False,False,True,False,True,False,True,False,True,True,False,False,False,True,False,False,0.005,0,0,Faible
26,78.95,2034.25,40,4237,True,False,True,True,True,False,False,True,False,False,False,False,False,False,False,False,False,False,False,False,True,True,False,False,False,False,False,False,0.0,0,0,Faible
72,25.25,1841.2,36,4551,False,False,True,False,True,False,True,False,True,True,False,True,False,True,False,True,False,True,False,True,False,False,True,True,False,False,False,False,0.0,0,0,Faible
13,50.55,610.75,29,5530,True,False,False,False,True,False,False,False,False,False,False,False,False,False,False,False,True,False,False,False,False,False,False,True,False,False,True,False,0.005,0,0,Faible
52,75.4,3865.45,59,5211,True,False,True,False,True,False,False,False,False,False,True,False,True,False,False,False,False,False,True,False,True,True,False,True,False,False,True,False,0.0,0,0,Faible
66,105.2,6936.85,20,4016,False,False,True,False,True,False,True,True,False,False,False,False,True,False,True,False,False,False,True,False,True,False,False,True,False,True,False,False,0.015,0,0,Faible
1,69.5,69.5,77,3273,True,True,False,False,True,False,False,True,False,False,False,False,False,False,False,False,False,False,False,False,False,False,False,True,False,False,False,True,0.975,1,1,Élevé
47,39.65,1798.65,26,4670,False,False,False,False,False,True,False,False,False,False,True,False,True,False,False,False,True,False,False,False,False,True,False,False,True,False,False,False,0.0,0,0,Faible
61,49.7,2961.4,46,4577,False,False,True,True,True,False,False,False,False,False,True,False,False,False,False,False,False,False,False,False,False,True,False,True,False,False,False,False,0.0,0,0,Faible
26,82.0,2083.1,43,3973,True,False,True,True,True,False,True,False,False,False,False,False,False,False,True,False,True,False,True,False,True,True,False,True,True,False,False,False,0.0,0,0,Faible
19,65.35,1231.85,39,2051,True,False,False,False,True,False,False,False,False,False,False,False,True,False,False,False,True,False,False,False,True,True,False,True,False,False,False,False,0.015,0,0,Faible
17,100.45,1622.45,87,5508,True,True,True,False,True,False,True,True,False,False,False,False,False,False,True,False,False,False,True,False,True,False,False,True,True,False,False,True,0.97,1,1,Élevé
72,108.3,7679.65,33,4183,False,False,True,True,True,False,False,True,False,False,True,False,True,False,True,False,True,False,True,False,True,False,True,True,False,False,False,False,0.0,0,0,Faible
2,91.15,168.5,52,2686,False,False,False,False,True,False,False,True,False,False,True,False,True,False,False,False,False,False,True,False,False,False,False,True,False,True,False,False,0.025,0,0,Faible
17,19.55,280.85,42,4947,False,False,False,False,True,False,False,False,True,True,False,True,False,True,False,True,False,True,False,True,False,True,False,False,False,False,True,False,0.0,0,0,Faible
67,105.05,7171.7,49,4143,True,True,False,False,True,False,False,True,False,False,True,False,True,False,False,False,True,False,True,False,True,False,True,True,False,True,False,False,0.025,0,0,Faible
1,20.45,20.45,80,2184,True,False,False,False,True,False,False,False,True,True,False,True,False,True,False,True,False,True,False,True,False,False,False,True,False,False,True,False,0.08,0,0,Faible
3,75.5,220.6,79,5948,False,False,False,False,True,False,True,True,False,False,False,False,False,False,False,False,False,False,False,False,False,False,False,True,False,True,False,True,0.985,1,1,Élevé
11,20.55,184.95,23,3971,True,False,True,False,True,False,False,False,True,True,False,True,False,True,False,True,False,True,False,True,False,True,False,True,False,False,True,False,0.0,0,0,Faible
62,86.1,5215.25,62,5769,True,False,True,False,True,False,False,False,False,False,True,False,True,False,True,False,True,False,True,False,True,False,True,False,False,True,False,False,0.01,0,0,Faible
60,79.0,4801.1,43,4807,True,False,False,False,True,False,False,False,False,False,True,False,False,False,True,False,True,False,True,False,True,True,False,False,False,False,True,False,0.0,0,0,Faible
64,110.3,6997.3,45,5574,False,False,True,True,True,False,True,True,False,False,True,False,True,False,False,False,True,False,True,False,True,False,True,False,False,False,False,False,0.0,0,0,Faible
53,80.6,4348.1,73,6113,True,False,False,False,True,False,False,True,False,False,False,False,True,False,False,False,True,False,False,False,False,False,False,True,False,False,True,False,0.015,0,0,Faible
64,73.05,4688.65,28,4515,True,False,True,False,True,False,False,False,False,False,True,False,False,False,True,False,False,False,True,False,True,True,False,True,True,False,False,False,0.0,0,0,Faible
1,24.0,24.0,60,2559,False,False,False,True,True,False,True,False,True,True,False,True,False,True,False,True,False,True,False,True,False,False,False,False,False,False,True,False,0.06,0,0,Faible
71,19.8,1388.45,69,5819,True,True,True,True,True,False,False,False,True,True,False,True,False,True,False,True,False,True,False,True,False,False,True,False,True,False,False,False,0.005,0,0,Faible
22,20.55,469.85,44,3169,False,False,False,True,True,False,False,False,True,True,False,True,False,True,False,True,False,True,False,True,False,False,False,True,False,True,False,False,0.005,0,0,Faible
1,70.6,70.6,85,4063,False,False,False,False,True,False,False,True,False,False,False,False,False,False,False,False,False,False,False,False,False,False,False,True,False,True,False,True,1.0,1,1,Élevé
18,20.1,370.5,30,4329,False,False,True,False,True,False,False,False,True,True,False,True,False,True,False,True,False,True,False,True,False,False,True,False,False,False,True,False,0.0,0,0,Faible
55,69.05,3842.6,67,4318,False,False,True,True,True,False,False,True,False,False,False,False,False,False,False,False,False,False,False,False,False,False,True,True,True,False,False,False,0.01,0,0,Faible
22,50.6,1073.3,62,2854,False,False,False,False,False,True,False,False,False,False,False,False,False,False,True,False,False,False,True,False,True,False,False,True,False,True,False,False,0.02,0,0,Faible
4,84.6,360.1,83,2467,False,True,False,False,True,False,True,True,False,False,False,False,False,False,False,False,False,False,False,False,True,False,False,True,False,True,False,True,1.0,1,1,Élevé
47,94.9,4615.25,52,4510,False,False,False,False,True,False,True,True,False,False,True,False,False,False,True,False,False,False,True,False,False,True,False,False,True,False,False,False,0.005,0,0,Faible
13,43.8,592.65,40,4369,False,False,True,False,True,False,False,False,False,False,False,False,False,False,False,False,False,False,False,False,False,True,False,False,False,True,False,False,0.005,0,0,Faible
60,59.85,3483.45,54,4029,False,False,True,False,True,False,False,False,False,False,True,False,True,False,False,False,True,False,False,False,False,False,True,False,False,False,False,False,0.0,0,0,Faible
52,91.25,4738.3,29,4770,True,False,False,False,True,False,False,True,False,False,True,False,False,False,True,False,False,False,True,False,False,True,False,False,False,True,False,False,0.005,0,0,Faible
7,75.45,480.75,75,2872,False,False,False,False,True,False,True,True,False,False,False,False,False,False,False,False,False,False,False,False,False,False,False,False,False,False,True,True,0.965,1,1,Élevé
67,60.4,3953.7,73,5356,True,False,True,False,True,False,False,False,False,False,True,False,False,False,True,False,True,False,False,False,False,False,True,True,False,False,False,False,0.0,0,0,Faible
18,80.55,1411.65,27,5137,True,True,False,False,True,False,True,True,False,False,False,False,True,False,False,False,False,False,False,False,False,False,False,True,True,False,False,False,0.005,0,0,Faible
69,60.8,4263.4,63,5683,True,False,True,False,False,True,False,False,False,False,False,False,True,False,True,False,True,False,True,False,True,True,False,True,True,False,False,False,0.0,0,0,Faible
51,24.6,1266.4,75,4886,True,False,False,False,True,False,True,False,True,True,False,True,False,True,False,True,False,True,False,True,False,True,False,True,False,False,False,False,0.005,0,0,Faible
38,20.1,730.1,26,2907,True,False,False,False,True,False,False,False,True,True,False,True,False,True,False,True,False,True,False,True,False,True,False,False,False,False,True,False,0.0,0,0,Faible
7,81.25,580.1,57,5928,False,False,True,False,True,False,False,False,False,False,True,False,False,False,True,False,True,False,True,False,True,False,False,False,False,False,False,False,0.005,0,0,Faible
58,89.85,5125.75,58,5035,True,True,True,True,True,False,True,True,False,False,True,False,True,False,False,False,True,False,False,False,False,True,False,True,False,False,False,False,0.0,0,0,Faible
1,55.7,55.7,36,5664,True,False,True,False,True,False,False,False,False,False,True,False,False,False,True,False,False,False,False,False,False,False,False,False,False,False,True,False,0.015,0,0,Faible
72,109.5,7854.9,55,6419,False,False,True,True,True,False,False,True,False,False,True,False,True,False,True,False,True,False,True,False,True,False,True,True,True,False,False,False,0.0,0,0,Faible
66,62.5,4136.4,57,4165,False,False,False,False,False,True,False,False,False,False,True,False,True,False,True,False,True,False,True,False,True,False,True,True,False,False,False,False,0.0,0,0,Faible
6,95.75,573.75,89,5750,True,True,True,False,True,False,False,True,False,False,False,False,False,False,True,False,False,False,True,False,True,False,False,True,False,True,False,True,0.99,1,1,Élevé
24,20.4,482.8,79,3071,False,False,True,False,True,False,False,False,True,True,False,True,False,True,False,True,False,True,False,True,False,True,False,False,True,False,False,False,0.005,0,0,Faible
35,53.15,1930.9,43,5638,True,False,True,False,False,True,False,False,False,False,True,False,False,False,True,False,False,False,True,False,True,True,False,False,True,False,False,False,0.01,0,0,Faible
21,44.95,926.25,54,3752,False,False,True,True,True,False,False,False,False,False,False,False,False,False,False,False,False,False,False,False,False,False,False,True,False,True,False,False,0.01,0,0,Faible
69,20.15,1337.5,23,4554,False,False,True,True,True,False,False,False,True,True,False,True,False,True,False,True,False,True,False,True,False,False,True,False,False,False,False,False,0.0,0,0,Faible
21,20.85,435.25,35,5422,False,False,False,False,True,False,False,False,True,True,False,True,False,True,False,True,False,True,False,True,False,False,True,True,True,False,False,False,0.0,0,0,Faible
7,84.35,609.65,38,2107,False,True,False,False,True,False,False,True,False,False,False,False,False,False,True,False,False,False,True,False,False,False,False,True,False,True,False,False,0.005,0,0,Faible
53,19.65,978.0,68,5878,True,False,False,False,True,False,False,False,True,True,False,True,False,True,False,True,False,True,False,True,False,False,True,False,False,False,False,False,0.03,0,0,Faible
22,89.4,2001.5,99,5438,True,False,False,False,True,False,False,True,False,False,False,False,True,False,True,False,False,False,True,False,False,False,False,True,False,True,False,True,0.99,1,1,Élevé
3,19.55,61.05,46,3889,False,False,False,False,True,False,False,False,True,True,False,True,False,True,False,True,False,True,False,True,False,False,False,False,False,True,False,False,0.015,0,0,Faible
12,45.0,524.35,35,4998,False,False,False,False,True,False,False,False,False,False,False,False,False,False,False,False,False,False,False,False,False,False,False,True,False,False,False,False,0.01,0,0,Faible
26,45.8,1147.0,45,3287,False,False,False,True,False,True,False,False,False,False,True,False,False,False,False,False,True,False,False,False,True,False,False,False,False,False,True,False,0.0,0,0,Faible
3,19.45,69.25,32,2787,True,False,False,False,True,False,False,False,True,True,False,True,False,True,False,True,False,True,False,True,False,True,False,True,False,False,True,False,0.005,0,0,Faible
37,40.55,1390.85,24,4050,True,False,False,False,False,True,False,False,False,False,True,False,True,False,False,False,True,False,False,False,False,False,True,True,False,False,True,False,0.0,0,0,Faible
50,20.15,970.85,27,4263,False,False,False,True,True,False,False,False,True,True,False,True,False,True,False,True,False,True,False,True,False,False,True,False,True,False,False,False,0.0,0,0,Faible
